fecha,marca,zona,tipo_cristal,precio
2023-12-01,CHEVROLET,CABA,Aleta/Ventilete,36674.850411690015
2023-12-01,CHEVROLET,CORD_TUC_STAFE,Aleta/Ventilete,34579.14467387916
2023-12-01,CHEVROLET,Rosario,Aleta/Ventilete,32483.438936068298
2023-12-01,CHEVROLET,TIERRA DEL FUEGO,Aleta/Ventilete,62871.172134325745
2023-12-01,FIAT,CABA,Aleta/Ventilete,30109.78048351376
2023-12-01,FIAT,CORD_TUC_STAFE,Aleta/Ventilete,28389.221598741547
2023-12-01,FIAT,Rosario,Aleta/Ventilete,26668.662713969334
2023-12-01,FIAT,TIERRA DEL FUEGO,Aleta/Ventilete,51616.76654316645
2023-12-01,FORD,CABA,Aleta/Ventilete,36619.06943490622
2023-12-01,FORD,CORD_TUC_STAFE,Aleta/Ventilete,34526.55118148302
2023-12-01,FORD,Rosario,Aleta/Ventilete,32434.032928059798
2023-12-01,FORD,TIERRA DEL FUEGO,Aleta/Ventilete,62775.54760269639
2023-12-01,PEUGEOT,CABA,Aleta/Ventilete,109069.51379048632
2023-12-01,PEUGEOT,CORD_TUC_STAFE,Aleta/Ventilete,108477.95322886604
2023-12-01,PEUGEOT,Rosario,Aleta/Ventilete,107886.39266724576
2023-12-01,PEUGEOT,TIERRA DEL FUEGO,Aleta/Ventilete,116464.0208107399
2023-12-01,RENAULT,CABA,Aleta/Ventilete,39767.61557793859
2023-12-01,RENAULT,CORD_TUC_STAFE,Aleta/Ventilete,37495.18040205638
2023-12-01,RENAULT,Rosario,Aleta/Ventilete,35222.745226174186
2023-12-01,RENAULT,TIERRA DEL FUEGO,Aleta/Ventilete,68173.05527646616
2023-12-01,TOYOTA,CABA,Aleta/Ventilete,36378.31364833688
2023-12-01,TOYOTA,CORD_TUC_STAFE,Aleta/Ventilete,34299.552868431914
2023-12-01,TOYOTA,Rosario,Aleta/Ventilete,32220.792088526952
2023-12-01,TOYOTA,TIERRA DEL FUEGO,Aleta/Ventilete,62362.82339714893
2023-12-01,VOLKSWAGEN,CABA,Aleta/Ventilete,37184.82769771186
2023-12-01,VOLKSWAGEN,CORD_TUC_STAFE,Aleta/Ventilete,35059.98040069975
2023-12-01,VOLKSWAGEN,Rosario,Aleta/Ventilete,32935.13310368765
2023-12-01,VOLKSWAGEN,TIERRA DEL FUEGO,Aleta/Ventilete,63745.418910363194
2024-02-01,CHEVROLET,CABA,Aleta/Ventilete,38508.592932274514
2024-02-01,CHEVROLET,CORD_TUC_STAFE,Aleta/Ventilete,36308.10190757312
2024-02-01,CHEVROLET,Rosario,Aleta/Ventilete,34107.61088287172
2024-02-01,CHEVROLET,TIERRA DEL FUEGO,Aleta/Ventilete,66014.73074104203
2024-02-01,FIAT,CABA,Aleta/Ventilete,31615.269507689452
2024-02-01,FIAT,CORD_TUC_STAFE,Aleta/Ventilete,29808.68267867863
2024-02-01,FIAT,Rosario,Aleta/Ventilete,28002.095849667803
2024-02-01,FIAT,TIERRA DEL FUEGO,Aleta/Ventilete,54197.60487032478
2024-02-01,FORD,CABA,Aleta/Ventilete,38450.02290665154
2024-02-01,FORD,CORD_TUC_STAFE,Aleta/Ventilete,36252.878740557164
2024-02-01,FORD,Rosario,Aleta/Ventilete,34055.73457446279
2024-02-01,FORD,TIERRA DEL FUEGO,Aleta/Ventilete,65914.3249828312
2024-02-01,PEUGEOT,CABA,Aleta/Ventilete,115510.16151963198
2024-02-01,PEUGEOT,CORD_TUC_STAFE,Aleta/Ventilete,114889.02292993068
2024-02-01,PEUGEOT,Rosario,Aleta/Ventilete,114267.88434022936
2024-02-01,PEUGEOT,TIERRA DEL FUEGO,Aleta/Ventilete,123274.39389089822
2024-02-01,RENAULT,CABA,Aleta/Ventilete,41755.99635683552
2024-02-01,RENAULT,CORD_TUC_STAFE,Aleta/Ventilete,39369.939422159216
2024-02-01,RENAULT,Rosario,Aleta/Ventilete,36983.88248748289
2024-02-01,RENAULT,TIERRA DEL FUEGO,Aleta/Ventilete,71581.70804028946
2024-02-01,TOYOTA,CABA,Aleta/Ventilete,38197.229330753726
2024-02-01,TOYOTA,CORD_TUC_STAFE,Aleta/Ventilete,36014.53051185351
2024-02-01,TOYOTA,Rosario,Aleta/Ventilete,33831.831692953296
2024-02-01,TOYOTA,TIERRA DEL FUEGO,Aleta/Ventilete,65480.964567006384
2024-02-01,VOLKSWAGEN,CABA,Aleta/Ventilete,39044.06908259745
2024-02-01,VOLKSWAGEN,CORD_TUC_STAFE,Aleta/Ventilete,36812.979420734744
2024-02-01,VOLKSWAGEN,Rosario,Aleta/Ventilete,34581.889758872036
2024-02-01,VOLKSWAGEN,TIERRA DEL FUEGO,Aleta/Ventilete,66932.68985588136
2024-03-01,CHEVROLET,CABA,Aleta/Ventilete,40434.022578888245
2024-03-01,CHEVROLET,CORD_TUC_STAFE,Aleta/Ventilete,38123.507002951774
2024-03-01,CHEVROLET,Rosario,Aleta/Ventilete,35812.9914270153
2024-03-01,CHEVROLET,TIERRA DEL FUEGO,Aleta/Ventilete,69315.46727809413
2024-03-01,FIAT,CABA,Aleta/Ventilete,33196.03298307392
2024-03-01,FIAT,CORD_TUC_STAFE,Aleta/Ventilete,31299.116812612563
2024-03-01,FIAT,Rosario,Aleta/Ventilete,29402.200642151198
2024-03-01,FIAT,TIERRA DEL FUEGO,Aleta/Ventilete,56907.485113841016
2024-03-01,FORD,CABA,Aleta/Ventilete,42994.501209920614
2024-03-01,FORD,CORD_TUC_STAFE,Aleta/Ventilete,40537.672569353745
2024-03-01,FORD,Rosario,Aleta/Ventilete,38080.84392878684
2024-03-01,FORD,TIERRA DEL FUEGO,Aleta/Ventilete,73704.85921700677
2024-03-01,PEUGEOT,CABA,Aleta/Ventilete,122122.79148521247
2024-03-01,PEUGEOT,CORD_TUC_STAFE,Aleta/Ventilete,121470.5959660261
2024-03-01,PEUGEOT,Rosario,Aleta/Ventilete,120818.40044683973
2024-03-01,PEUGEOT,TIERRA DEL FUEGO,Aleta/Ventilete,130275.23547504203
2024-03-01,RENAULT,CABA,Aleta/Ventilete,43843.7961746773
2024-03-01,RENAULT,CORD_TUC_STAFE,Aleta/Ventilete,41338.43639326718
2024-03-01,RENAULT,Rosario,Aleta/Ventilete,38833.07661185703
2024-03-01,RENAULT,TIERRA DEL FUEGO,Aleta/Ventilete,75160.79344230394
2024-03-01,TOYOTA,CABA,Aleta/Ventilete,38913.14150519207
2024-03-01,TOYOTA,CORD_TUC_STAFE,Aleta/Ventilete,36689.5334191811
2024-03-01,TOYOTA,Rosario,Aleta/Ventilete,34465.92533317012
2024-03-01,TOYOTA,TIERRA DEL FUEGO,Aleta/Ventilete,66708.24258032927
2024-03-01,VOLKSWAGEN,CABA,Aleta/Ventilete,40996.27253672733
2024-03-01,VOLKSWAGEN,CORD_TUC_STAFE,Aleta/Ventilete,38653.62839177149
2024-03-01,VOLKSWAGEN,Rosario,Aleta/Ventilete,36310.984246815635
2024-03-01,VOLKSWAGEN,TIERRA DEL FUEGO,Aleta/Ventilete,70279.32434867542
2024-05-01,CHEVROLET,CABA,Aleta/Ventilete,42931.84515401125
2024-05-01,CHEVROLET,CORD_TUC_STAFE,Aleta/Ventilete,40478.59685949633
2024-05-01,CHEVROLET,Rosario,Aleta/Ventilete,38025.3485649814
2024-05-01,CHEVROLET,TIERRA DEL FUEGO,Aleta/Ventilete,73597.44883544785
2024-05-01,FIAT,CABA,Aleta/Ventilete,35087.30083929131
2024-05-01,FIAT,CORD_TUC_STAFE,Aleta/Ventilete,33082.312219903244
2024-05-01,FIAT,Rosario,Aleta/Ventilete,31077.323600515167
2024-05-01,FIAT,TIERRA DEL FUEGO,Aleta/Ventilete,60149.65858164225
2024-05-01,FORD,CABA,Aleta/Ventilete,45144.22627041666
2024-05-01,FORD,CORD_TUC_STAFE,Aleta/Ventilete,42564.556197821425
2024-05-01,FORD,Rosario,Aleta/Ventilete,39984.886125226185
2024-05-01,FORD,TIERRA DEL FUEGO,Aleta/Ventilete,77390.10217785712
2024-05-01,PEUGEOT,CABA,Aleta/Ventilete,132657.30585545112
2024-05-01,PEUGEOT,CORD_TUC_STAFE,Aleta/Ventilete,131972.50056030543
2024-05-01,PEUGEOT,Rosario,Aleta/Ventilete,131287.69526515974
2024-05-01,PEUGEOT,TIERRA DEL FUEGO,Aleta/Ventilete,141217.37204477217
2024-05-01,RENAULT,CABA,Aleta/Ventilete,46271.18126603547
2024-05-01,RENAULT,CORD_TUC_STAFE,Aleta/Ventilete,43627.11376511916
2024-05-01,RENAULT,Rosario,Aleta/Ventilete,40983.04626420284
2024-05-01,RENAULT,TIERRA DEL FUEGO,Aleta/Ventilete,79322.02502748936
2024-05-01,TOYOTA,CABA,Aleta/Ventilete,40383.57474413865
2024-05-01,TOYOTA,CORD_TUC_STAFE,Aleta/Ventilete,38075.94190161645
2024-05-01,TOYOTA,Rosario,Aleta/Ventilete,35768.30905909424
2024-05-01,TOYOTA,TIERRA DEL FUEGO,Aleta/Ventilete,69228.98527566626
2024-05-01,VOLKSWAGEN,CABA,Aleta/Ventilete,43046.0861635637
2024-05-01,VOLKSWAGEN,CORD_TUC_STAFE,Aleta/Ventilete,40586.30981136006
2024-05-01,VOLKSWAGEN,Rosario,Aleta/Ventilete,38126.53345915642
2024-05-01,VOLKSWAGEN,TIERRA DEL FUEGO,Aleta/Ventilete,73793.29056610918
2024-07-01,CHEVROLET,CABA,Aleta/Ventilete,45076.819111753066
2024-07-01,CHEVROLET,CORD_TUC_STAFE,Aleta/Ventilete,42501.000876795755
2024-07-01,CHEVROLET,Rosario,Aleta/Ventilete,39925.18264183843
2024-07-01,CHEVROLET,TIERRA DEL FUEGO,Aleta/Ventilete,77274.54704871954
2024-07-01,FIAT,CABA,Aleta/Ventilete,36556.55903718469
2024-07-01,FIAT,CORD_TUC_STAFE,Aleta/Ventilete,34467.61280648843
2024-07-01,FIAT,Rosario,Aleta/Ventilete,32378.66657579216
2024-07-01,FIAT,TIERRA DEL FUEGO,Aleta/Ventilete,62668.38692088805
2024-07-01,FORD,CABA,Aleta/Ventilete,46498.55305852915
2024-07-01,FORD,CORD_TUC_STAFE,Aleta/Ventilete,43841.49288375606
2024-07-01,FORD,Rosario,Aleta/Ventilete,41184.43270898297
2024-07-01,FORD,TIERRA DEL FUEGO,Aleta/Ventilete,79711.80524319284
2024-07-01,PEUGEOT,CABA,Aleta/Ventilete,137843.7571630187
2024-07-01,PEUGEOT,CORD_TUC_STAFE,Aleta/Ventilete,137138.40770901862
2024-07-01,PEUGEOT,Rosario,Aleta/Ventilete,136433.05825501858
2024-07-01,PEUGEOT,TIERRA DEL FUEGO,Aleta/Ventilete,146660.62533801937
2024-07-01,RENAULT,CABA,Aleta/Ventilete,48082.66821274026
2024-07-01,RENAULT,CORD_TUC_STAFE,Aleta/Ventilete,45335.087172012245
2024-07-01,RENAULT,Rosario,Aleta/Ventilete,42587.50613128423
2024-07-01,RENAULT,TIERRA DEL FUEGO,Aleta/Ventilete,82427.43122184044
2024-07-01,TOYOTA,CABA,Aleta/Ventilete,41742.59648646281
2024-07-01,TOYOTA,CORD_TUC_STAFE,Aleta/Ventilete,39357.30525866494
2024-07-01,TOYOTA,Rosario,Aleta/Ventilete,36972.01403086706
2024-07-01,TOYOTA,TIERRA DEL FUEGO,Aleta/Ventilete,71558.73683393624
2024-07-01,VOLKSWAGEN,CABA,Aleta/Ventilete,44337.46874847061
2024-07-01,VOLKSWAGEN,CORD_TUC_STAFE,Aleta/Ventilete,41803.89910570086
2024-07-01,VOLKSWAGEN,Rosario,Aleta/Ventilete,39270.32946293111
2024-07-01,VOLKSWAGEN,TIERRA DEL FUEGO,Aleta/Ventilete,76007.08928309247
2024-10-01,CHEVROLET,CABA,Aleta/Ventilete,45817.283184850014
2024-10-01,CHEVROLET,CORD_TUC_STAFE,Aleta/Ventilete,43199.15271714431
2024-10-01,CHEVROLET,Rosario,Aleta/Ventilete,40581.02224943859
2024-10-01,CHEVROLET,TIERRA DEL FUEGO,Aleta/Ventilete,78543.91403117147
2024-10-01,FIAT,CABA,Aleta/Ventilete,36203.212459817325
2024-10-01,FIAT,CORD_TUC_STAFE,Aleta/Ventilete,34134.45746211349
2024-10-01,FIAT,Rosario,Aleta/Ventilete,32065.70246440964
2024-10-01,FIAT,TIERRA DEL FUEGO,Aleta/Ventilete,62062.649931115426
2024-10-01,FORD,CABA,Aleta/Ventilete,46498.55305852915
2024-10-01,FORD,CORD_TUC_STAFE,Aleta/Ventilete,43841.49288375606
2024-10-01,FORD,Rosario,Aleta/Ventilete,41184.43270898297
2024-10-01,FORD,TIERRA DEL FUEGO,Aleta/Ventilete,79711.80524319284
2024-10-01,PEUGEOT,CABA,Aleta/Ventilete,138847.75726318278
2024-10-01,PEUGEOT,CORD_TUC_STAFE,Aleta/Ventilete,138142.40780918274
2024-10-01,PEUGEOT,Rosario,Aleta/Ventilete,137437.05835518267
2024-10-01,PEUGEOT,TIERRA DEL FUEGO,Aleta/Ventilete,147664.62543818346
2024-10-01,RENAULT,CABA,Aleta/Ventilete,48448.44391627756
2024-10-01,RENAULT,CORD_TUC_STAFE,Aleta/Ventilete,45679.96140677598
2024-10-01,RENAULT,Rosario,Aleta/Ventilete,42911.478897274406
2024-10-01,RENAULT,TIERRA DEL FUEGO,Aleta/Ventilete,83054.47528504724
2024-10-01,TOYOTA,CABA,Aleta/Ventilete,41275.96146908914
2024-10-01,TOYOTA,CORD_TUC_STAFE,Aleta/Ventilete,38917.335099426906
2024-10-01,TOYOTA,Rosario,Aleta/Ventilete,36558.708729764665
2024-10-01,TOYOTA,TIERRA DEL FUEGO,Aleta/Ventilete,70758.7910898671
2024-10-01,VOLKSWAGEN,CABA,Aleta/Ventilete,44337.46874847061
2024-10-01,VOLKSWAGEN,CORD_TUC_STAFE,Aleta/Ventilete,41803.89910570086
2024-10-01,VOLKSWAGEN,Rosario,Aleta/Ventilete,39270.32946293111
2024-10-01,VOLKSWAGEN,TIERRA DEL FUEGO,Aleta/Ventilete,76007.08928309247
2025-01-01,CHEVROLET,CABA,Aleta/Ventilete,45817.283184850014
2025-01-01,CHEVROLET,CORD_TUC_STAFE,Aleta/Ventilete,43199.15271714431
2025-01-01,CHEVROLET,Rosario,Aleta/Ventilete,40581.02224943859
2025-01-01,CHEVROLET,TIERRA DEL FUEGO,Aleta/Ventilete,78543.91403117147
2025-01-01,FIAT,CABA,Aleta/Ventilete,41065.59729561796
2025-01-01,FIAT,CORD_TUC_STAFE,Aleta/Ventilete,38718.99173586837
2025-01-01,FIAT,Rosario,Aleta/Ventilete,36372.386176118765
2025-01-01,FIAT,TIERRA DEL FUEGO,Aleta/Ventilete,70398.16679248794
2025-01-01,FORD,CABA,Aleta/Ventilete,49166.94202545012
2025-01-01,FORD,CORD_TUC_STAFE,Aleta/Ventilete,46357.402481138684
2025-01-01,FORD,Rosario,Aleta/Ventilete,43547.862936827245
2025-01-01,FORD,TIERRA DEL FUEGO,Aleta/Ventilete,84286.18632934307
2025-01-01,PEUGEOT,CABA,Aleta/Ventilete,138847.75726318278
2025-01-01,PEUGEOT,CORD_TUC_STAFE,Aleta/Ventilete,138142.40780918274
2025-01-01,PEUGEOT,Rosario,Aleta/Ventilete,137437.05835518267
2025-01-01,PEUGEOT,TIERRA DEL FUEGO,Aleta/Ventilete,147664.62543818346
2025-01-01,RENAULT,CABA,Aleta/Ventilete,48448.44391627756
2025-01-01,RENAULT,CORD_TUC_STAFE,Aleta/Ventilete,45679.96140677598
2025-01-01,RENAULT,Rosario,Aleta/Ventilete,42911.478897274406
2025-01-01,RENAULT,TIERRA DEL FUEGO,Aleta/Ventilete,83054.47528504724
2025-01-01,TOYOTA,CABA,Aleta/Ventilete,41275.96146908914
2025-01-01,TOYOTA,CORD_TUC_STAFE,Aleta/Ventilete,38917.335099426906
2025-01-01,TOYOTA,Rosario,Aleta/Ventilete,36558.708729764665
2025-01-01,TOYOTA,TIERRA DEL FUEGO,Aleta/Ventilete,70758.7910898671
2025-01-01,VOLKSWAGEN,CABA,Aleta/Ventilete,44337.46874847061
2025-01-01,VOLKSWAGEN,CORD_TUC_STAFE,Aleta/Ventilete,41803.89910570086
2025-01-01,VOLKSWAGEN,Rosario,Aleta/Ventilete,39270.32946293111
2025-01-01,VOLKSWAGEN,TIERRA DEL FUEGO,Aleta/Ventilete,76007.08928309247
2025-04-01,CHEVROLET,CABA,Aleta/Ventilete,45570.52832171634
2025-04-01,CHEVROLET,CORD_TUC_STAFE,Aleta/Ventilete,42966.49813190397
2025-04-01,CHEVROLET,Rosario,Aleta/Ventilete,40362.46794209161
2025-04-01,CHEVROLET,TIERRA DEL FUEGO,Aleta/Ventilete,78120.90569437086
2025-04-01,FIAT,CABA,Aleta/Ventilete,42035.089629313945
2025-04-01,FIAT,CORD_TUC_STAFE,Aleta/Ventilete,39633.084507638865
2025-04-01,FIAT,Rosario,Aleta/Ventilete,37231.079385963785
2025-04-01,FIAT,TIERRA DEL FUEGO,Aleta/Ventilete,72060.15365025248
2025-04-01,FORD,CABA,Aleta/Ventilete,48025.70348224948
2025-04-01,FORD,CORD_TUC_STAFE,Aleta/Ventilete,45281.37756897809
2025-04-01,FORD,Rosario,Aleta/Ventilete,42537.05165570669
2025-04-01,FORD,TIERRA DEL FUEGO,Aleta/Ventilete,82329.77739814197
2025-04-01,PEUGEOT,CABA,Aleta/Ventilete,131838.40606118127
2025-04-01,PEUGEOT,CORD_TUC_STAFE,Aleta/Ventilete,130727.30087939004
2025-04-01,PEUGEOT,Rosario,Aleta/Ventilete,129616.1956975988
2025-04-01,PEUGEOT,TIERRA DEL FUEGO,Aleta/Ventilete,145727.2208335718
2025-04-01,RENAULT,CABA,Aleta/Ventilete,49901.89723376588
2025-04-01,RENAULT,CORD_TUC_STAFE,Aleta/Ventilete,47050.360248979254
2025-04-01,RENAULT,Rosario,Aleta/Ventilete,44198.823264192644
2025-04-01,RENAULT,TIERRA DEL FUEGO,Aleta/Ventilete,85546.10954359865
2025-04-01,TOYOTA,CABA,Aleta/Ventilete,42514.24031316181
2025-04-01,TOYOTA,CORD_TUC_STAFE,Aleta/Ventilete,40084.85515240971
2025-04-01,TOYOTA,Rosario,Aleta/Ventilete,37655.46999165761
2025-04-01,TOYOTA,TIERRA DEL FUEGO,Aleta/Ventilete,72881.5548225631
2025-04-01,VOLKSWAGEN,CABA,Aleta/Ventilete,45667.592810924725
2025-04-01,VOLKSWAGEN,CORD_TUC_STAFE,Aleta/Ventilete,43058.01607887189
2025-04-01,VOLKSWAGEN,Rosario,Aleta/Ventilete,40448.43934681905
2025-04-01,VOLKSWAGEN,TIERRA DEL FUEGO,Aleta/Ventilete,78287.30196158524
2023-12-01,CHEVROLET,CABA,Custodia/Coleta,95315.92054885392
2023-12-01,CHEVROLET,CORD_TUC_STAFE,Custodia/Coleta,89869.29651749083
2023-12-01,CHEVROLET,Rosario,Custodia/Coleta,84422.67248612776
2023-12-01,CHEVROLET,TIERRA DEL FUEGO,Custodia/Coleta,163398.7209408924
2023-12-01,FIAT,CABA,Custodia/Coleta,76673.47505586423
2023-12-01,FIAT,CORD_TUC_STAFE,Custodia/Coleta,72292.13362410056
2023-12-01,FIAT,Rosario,Custodia/Coleta,67910.79219233688
2023-12-01,FIAT,TIERRA DEL FUEGO,Custodia/Coleta,131440.2429529101
2023-12-01,FORD,CABA,Custodia/Coleta,41044.998007151946
2023-12-01,FORD,CORD_TUC_STAFE,Custodia/Coleta,38699.569549600405
2023-12-01,FORD,Rosario,Custodia/Coleta,36354.14109204886
2023-12-01,FORD,TIERRA DEL FUEGO,Custodia/Coleta,70362.8537265462
2023-12-01,PEUGEOT,CABA,Custodia/Coleta,64137.350051119516
2023-12-01,PEUGEOT,CORD_TUC_STAFE,Custodia/Coleta,60472.35861962699
2023-12-01,PEUGEOT,Rosario,Custodia/Coleta,56807.36718813444
2023-12-01,PEUGEOT,TIERRA DEL FUEGO,Custodia/Coleta,109949.74294477634
2023-12-01,RENAULT,CABA,Custodia/Coleta,91839.90098987985
2023-12-01,RENAULT,CORD_TUC_STAFE,Custodia/Coleta,86591.90664760102
2023-12-01,RENAULT,Rosario,Custodia/Coleta,81343.91230532216
2023-12-01,RENAULT,TIERRA DEL FUEGO,Custodia/Coleta,157439.83026836545
2023-12-01,TOYOTA,CABA,Custodia/Coleta,122764.25393937816
2023-12-01,TOYOTA,CORD_TUC_STAFE,Custodia/Coleta,115749.15371427088
2023-12-01,TOYOTA,Rosario,Custodia/Coleta,108734.05348916353
2023-12-01,TOYOTA,TIERRA DEL FUEGO,Custodia/Coleta,210453.00675321973
2023-12-01,VOLKSWAGEN,CABA,Custodia/Coleta,48199.36543670342
2023-12-01,VOLKSWAGEN,CORD_TUC_STAFE,Custodia/Coleta,45445.115983177515
2023-12-01,VOLKSWAGEN,Rosario,Custodia/Coleta,42690.8665296516
2023-12-01,VOLKSWAGEN,TIERRA DEL FUEGO,Custodia/Coleta,82627.48360577729
2024-02-01,CHEVROLET,CABA,Custodia/Coleta,100081.7165762966
2024-02-01,CHEVROLET,CORD_TUC_STAFE,Custodia/Coleta,94362.76134336539
2024-02-01,CHEVROLET,Rosario,Custodia/Coleta,88643.80611043415
2024-02-01,CHEVROLET,TIERRA DEL FUEGO,Custodia/Coleta,171568.65698793705
2024-02-01,FIAT,CABA,Custodia/Coleta,80507.14880865744
2024-02-01,FIAT,CORD_TUC_STAFE,Custodia/Coleta,75906.7403053056
2024-02-01,FIAT,Rosario,Custodia/Coleta,71306.33180195374
2024-02-01,FIAT,TIERRA DEL FUEGO,Custodia/Coleta,138012.2551005556
2024-02-01,FORD,CABA,Custodia/Coleta,43097.24790750954
2024-02-01,FORD,CORD_TUC_STAFE,Custodia/Coleta,40634.54802708043
2024-02-01,FORD,Rosario,Custodia/Coleta,38171.84814665131
2024-02-01,FORD,TIERRA DEL FUEGO,Custodia/Coleta,73880.99641287349
2024-02-01,PEUGEOT,CABA,Custodia/Coleta,67344.21755367551
2024-02-01,PEUGEOT,CORD_TUC_STAFE,Custodia/Coleta,63495.97655060834
2024-02-01,PEUGEOT,Rosario,Custodia/Coleta,59647.73554754117
2024-02-01,PEUGEOT,TIERRA DEL FUEGO,Custodia/Coleta,115447.23009201515
2024-02-01,RENAULT,CABA,Custodia/Coleta,96431.89603937385
2024-02-01,RENAULT,CORD_TUC_STAFE,Custodia/Coleta,90921.50197998107
2024-02-01,RENAULT,Rosario,Custodia/Coleta,85411.10792058829
2024-02-01,RENAULT,TIERRA DEL FUEGO,Custodia/Coleta,165311.82178178377
2024-02-01,TOYOTA,CABA,Custodia/Coleta,128902.46663634712
2024-02-01,TOYOTA,CORD_TUC_STAFE,Custodia/Coleta,121536.61139998444
2024-02-01,TOYOTA,Rosario,Custodia/Coleta,114170.75616362173
2024-02-01,TOYOTA,TIERRA DEL FUEGO,Custodia/Coleta,220975.65709088073
2024-02-01,VOLKSWAGEN,CABA,Custodia/Coleta,50609.33370853859
2024-02-01,VOLKSWAGEN,CORD_TUC_STAFE,Custodia/Coleta,47717.37178233639
2024-02-01,VOLKSWAGEN,Rosario,Custodia/Coleta,44825.40985613418
2024-02-01,VOLKSWAGEN,TIERRA DEL FUEGO,Custodia/Coleta,86758.85778606616
2024-03-01,CHEVROLET,CABA,Custodia/Coleta,105085.80240511145
2024-03-01,CHEVROLET,CORD_TUC_STAFE,Custodia/Coleta,99080.89941053366
2024-03-01,CHEVROLET,Rosario,Custodia/Coleta,93075.99641595584
2024-03-01,CHEVROLET,TIERRA DEL FUEGO,Custodia/Coleta,180147.0898373339
2024-03-01,FIAT,CABA,Custodia/Coleta,84532.50624909031
2024-03-01,FIAT,CORD_TUC_STAFE,Custodia/Coleta,79702.07732057087
2024-03-01,FIAT,Rosario,Custodia/Coleta,74871.64839205143
2024-03-01,FIAT,TIERRA DEL FUEGO,Custodia/Coleta,144912.8678555834
2024-03-01,FORD,CABA,Custodia/Coleta,44550.01310591986
2024-03-01,FORD,CORD_TUC_STAFE,Custodia/Coleta,42004.298071295874
2024-03-01,FORD,Rosario,Custodia/Coleta,39458.58303667189
2024-03-01,FORD,TIERRA DEL FUEGO,Custodia/Coleta,76371.45103871977
2024-03-01,PEUGEOT,CABA,Custodia/Coleta,70711.42843135928
2024-03-01,PEUGEOT,CORD_TUC_STAFE,Custodia/Coleta,66670.77537813876
2024-03-01,PEUGEOT,Rosario,Custodia/Coleta,62630.12232491822
2024-03-01,PEUGEOT,TIERRA DEL FUEGO,Custodia/Coleta,121219.59159661591
2024-03-01,RENAULT,CABA,Custodia/Coleta,101253.49084134254
2024-03-01,RENAULT,CORD_TUC_STAFE,Custodia/Coleta,95467.57707898015
2024-03-01,RENAULT,Rosario,Custodia/Coleta,89681.6633166177
2024-03-01,RENAULT,TIERRA DEL FUEGO,Custodia/Coleta,173577.41287087294
2024-03-01,TOYOTA,CABA,Custodia/Coleta,135347.58996816445
2024-03-01,TOYOTA,CORD_TUC_STAFE,Custodia/Coleta,127613.44196998366
2024-03-01,TOYOTA,Rosario,Custodia/Coleta,119879.29397180282
2024-03-01,TOYOTA,TIERRA DEL FUEGO,Custodia/Coleta,232024.43994542473
2024-03-01,VOLKSWAGEN,CABA,Custodia/Coleta,53139.800393965525
2024-03-01,VOLKSWAGEN,CORD_TUC_STAFE,Custodia/Coleta,50103.240371453205
2024-03-01,VOLKSWAGEN,Rosario,Custodia/Coleta,47066.68034894089
2024-03-01,VOLKSWAGEN,TIERRA DEL FUEGO,Custodia/Coleta,91096.80067536946
2024-05-01,CHEVROLET,CABA,Custodia/Coleta,114099.27602999118
2024-05-01,CHEVROLET,CORD_TUC_STAFE,Custodia/Coleta,107579.31739970598
2024-05-01,CHEVROLET,Rosario,Custodia/Coleta,101059.35876942075
2024-05-01,CHEVROLET,TIERRA DEL FUEGO,Custodia/Coleta,195598.7589085563
2024-05-01,FIAT,CABA,Custodia/Coleta,88759.13156154483
2024-05-01,FIAT,CORD_TUC_STAFE,Custodia/Coleta,83687.18118659942
2024-05-01,FIAT,Rosario,Custodia/Coleta,78615.23081165401
2024-05-01,FIAT,TIERRA DEL FUEGO,Custodia/Coleta,152158.51124836257
2024-05-01,FORD,CABA,Custodia/Coleta,46897.128017933086
2024-05-01,FORD,CORD_TUC_STAFE,Custodia/Coleta,44217.29213119406
2024-05-01,FORD,Rosario,Custodia/Coleta,41537.456244455025
2024-05-01,FORD,TIERRA DEL FUEGO,Custodia/Coleta,80395.076602171
2024-05-01,PEUGEOT,CABA,Custodia/Coleta,74246.99985292724
2024-05-01,PEUGEOT,CORD_TUC_STAFE,Custodia/Coleta,70004.31414704569
2024-05-01,PEUGEOT,Rosario,Custodia/Coleta,65761.62844116414
2024-05-01,PEUGEOT,TIERRA DEL FUEGO,Custodia/Coleta,127280.57117644671
2024-05-01,RENAULT,CABA,Custodia/Coleta,106658.12982963245
2024-05-01,RENAULT,CORD_TUC_STAFE,Custodia/Coleta,100563.37955365346
2024-05-01,RENAULT,Rosario,Custodia/Coleta,94468.62927767445
2024-05-01,RENAULT,TIERRA DEL FUEGO,Custodia/Coleta,182842.50827936994
2024-05-01,TOYOTA,CABA,Custodia/Coleta,142114.9694665727
2024-05-01,TOYOTA,CORD_TUC_STAFE,Custodia/Coleta,133994.11406848283
2024-05-01,TOYOTA,Rosario,Custodia/Coleta,125873.25867039296
2024-05-01,TOYOTA,TIERRA DEL FUEGO,Custodia/Coleta,243625.6619426961
2024-05-01,VOLKSWAGEN,CABA,Custodia/Coleta,55796.790413663795
2024-05-01,VOLKSWAGEN,CORD_TUC_STAFE,Custodia/Coleta,52608.40239002587
2024-05-01,VOLKSWAGEN,Rosario,Custodia/Coleta,49420.01436638794
2024-05-01,VOLKSWAGEN,TIERRA DEL FUEGO,Custodia/Coleta,95651.64070913795
2024-07-01,CHEVROLET,CABA,Custodia/Coleta,117900.6733164842
2024-07-01,CHEVROLET,CORD_TUC_STAFE,Custodia/Coleta,111163.49198411366
2024-07-01,CHEVROLET,Rosario,Custodia/Coleta,104426.31065174314
2024-07-01,CHEVROLET,TIERRA DEL FUEGO,Custodia/Coleta,202115.43997111576
2024-07-01,FIAT,CABA,Custodia/Coleta,89544.50551273175
2024-07-01,FIAT,CORD_TUC_STAFE,Custodia/Coleta,84427.67662628993
2024-07-01,FIAT,Rosario,Custodia/Coleta,79310.8477398481
2024-07-01,FIAT,TIERRA DEL FUEGO,Custodia/Coleta,153504.8665932544
2024-07-01,FORD,CABA,Custodia/Coleta,49289.585263160865
2024-07-01,FORD,CORD_TUC_STAFE,Custodia/Coleta,46473.0375338374
2024-07-01,FORD,Rosario,Custodia/Coleta,43656.48980451392
2024-07-01,FORD,TIERRA DEL FUEGO,Custodia/Coleta,84496.43187970437
2024-07-01,PEUGEOT,CABA,Custodia/Coleta,76474.40984851506
2024-07-01,PEUGEOT,CORD_TUC_STAFE,Custodia/Coleta,72104.44357145707
2024-07-01,PEUGEOT,Rosario,Custodia/Coleta,67734.47729439907
2024-07-01,PEUGEOT,TIERRA DEL FUEGO,Custodia/Coleta,131098.98831174013
2024-07-01,RENAULT,CABA,Custodia/Coleta,110473.4097277224
2024-07-01,RENAULT,CORD_TUC_STAFE,Custodia/Coleta,104160.64345756685
2024-07-01,RENAULT,Rosario,Custodia/Coleta,97847.87718741129
2024-07-01,RENAULT,TIERRA DEL FUEGO,Custodia/Coleta,189382.988104667
2024-07-01,TOYOTA,CABA,Custodia/Coleta,146378.41855056986
2024-07-01,TOYOTA,CORD_TUC_STAFE,Custodia/Coleta,138013.93749053733
2024-07-01,TOYOTA,Rosario,Custodia/Coleta,129649.45643050474
2024-07-01,TOYOTA,TIERRA DEL FUEGO,Custodia/Coleta,250934.43180097695
2024-07-01,VOLKSWAGEN,CABA,Custodia/Coleta,57470.69412607371
2024-07-01,VOLKSWAGEN,CORD_TUC_STAFE,Custodia/Coleta,54186.65446172665
2024-07-01,VOLKSWAGEN,Rosario,Custodia/Coleta,50902.61479737958
2024-07-01,VOLKSWAGEN,TIERRA DEL FUEGO,Custodia/Coleta,98521.18993041209
2024-10-01,CHEVROLET,CABA,Custodia/Coleta,118227.6273373168
2024-10-01,CHEVROLET,CORD_TUC_STAFE,Custodia/Coleta,111471.76291804152
2024-10-01,CHEVROLET,Rosario,Custodia/Coleta,104715.8984987663
2024-10-01,CHEVROLET,TIERRA DEL FUEGO,Custodia/Coleta,202675.93257825734
2024-10-01,FIAT,CABA,Custodia/Coleta,89544.50551273175
2024-10-01,FIAT,CORD_TUC_STAFE,Custodia/Coleta,84427.67662628993
2024-10-01,FIAT,Rosario,Custodia/Coleta,79310.8477398481
2024-10-01,FIAT,TIERRA DEL FUEGO,Custodia/Coleta,153504.8665932544
2024-10-01,FORD,CABA,Custodia/Coleta,51380.391336469074
2024-10-01,FORD,CORD_TUC_STAFE,Custodia/Coleta,48444.368974385136
2024-10-01,FORD,Rosario,Custodia/Coleta,45508.34661230118
2024-10-01,FORD,TIERRA DEL FUEGO,Custodia/Coleta,88080.67086251843
2024-10-01,PEUGEOT,CABA,Custodia/Coleta,76474.40984851506
2024-10-01,PEUGEOT,CORD_TUC_STAFE,Custodia/Coleta,72104.44357145707
2024-10-01,PEUGEOT,Rosario,Custodia/Coleta,67734.47729439907
2024-10-01,PEUGEOT,TIERRA DEL FUEGO,Custodia/Coleta,131098.98831174013
2024-10-01,RENAULT,CABA,Custodia/Coleta,111005.23283448807
2024-10-01,RENAULT,CORD_TUC_STAFE,Custodia/Coleta,104662.07667251733
2024-10-01,RENAULT,Rosario,Custodia/Coleta,98318.92051054657
2024-10-01,RENAULT,TIERRA DEL FUEGO,Custodia/Coleta,190294.68485912235
2024-10-01,TOYOTA,CABA,Custodia/Coleta,146378.41855056986
2024-10-01,TOYOTA,CORD_TUC_STAFE,Custodia/Coleta,138013.93749053733
2024-10-01,TOYOTA,Rosario,Custodia/Coleta,129649.45643050474
2024-10-01,TOYOTA,TIERRA DEL FUEGO,Custodia/Coleta,250934.43180097695
2024-10-01,VOLKSWAGEN,CABA,Custodia/Coleta,56280.657593122465
2024-10-01,VOLKSWAGEN,CORD_TUC_STAFE,Custodia/Coleta,53064.62001637262
2024-10-01,VOLKSWAGEN,Rosario,Custodia/Coleta,49848.58243962276
2024-10-01,VOLKSWAGEN,TIERRA DEL FUEGO,Custodia/Coleta,96481.12730249566
2025-01-01,CHEVROLET,CABA,Custodia/Coleta,118227.6273373168
2025-01-01,CHEVROLET,CORD_TUC_STAFE,Custodia/Coleta,111471.76291804152
2025-01-01,CHEVROLET,Rosario,Custodia/Coleta,104715.8984987663
2025-01-01,CHEVROLET,TIERRA DEL FUEGO,Custodia/Coleta,202675.93257825734
2025-01-01,FIAT,CABA,Custodia/Coleta,89544.50551273175
2025-01-01,FIAT,CORD_TUC_STAFE,Custodia/Coleta,84427.67662628993
2025-01-01,FIAT,Rosario,Custodia/Coleta,79310.8477398481
2025-01-01,FIAT,TIERRA DEL FUEGO,Custodia/Coleta,153504.8665932544
2025-01-01,FORD,CABA,Custodia/Coleta,51380.391336469074
2025-01-01,FORD,CORD_TUC_STAFE,Custodia/Coleta,48444.368974385136
2025-01-01,FORD,Rosario,Custodia/Coleta,45508.34661230118
2025-01-01,FORD,TIERRA DEL FUEGO,Custodia/Coleta,88080.67086251843
2025-01-01,PEUGEOT,CABA,Custodia/Coleta,76474.40984851506
2025-01-01,PEUGEOT,CORD_TUC_STAFE,Custodia/Coleta,72104.44357145707
2025-01-01,PEUGEOT,Rosario,Custodia/Coleta,67734.47729439907
2025-01-01,PEUGEOT,TIERRA DEL FUEGO,Custodia/Coleta,131098.98831174013
2025-01-01,RENAULT,CABA,Custodia/Coleta,111005.23283448807
2025-01-01,RENAULT,CORD_TUC_STAFE,Custodia/Coleta,104662.07667251733
2025-01-01,RENAULT,Rosario,Custodia/Coleta,98318.92051054657
2025-01-01,RENAULT,TIERRA DEL FUEGO,Custodia/Coleta,190294.68485912235
2025-01-01,TOYOTA,CABA,Custodia/Coleta,146378.41855056986
2025-01-01,TOYOTA,CORD_TUC_STAFE,Custodia/Coleta,138013.93749053733
2025-01-01,TOYOTA,Rosario,Custodia/Coleta,129649.45643050474
2025-01-01,TOYOTA,TIERRA DEL FUEGO,Custodia/Coleta,250934.43180097695
2025-01-01,VOLKSWAGEN,CABA,Custodia/Coleta,56280.657593122465
2025-01-01,VOLKSWAGEN,CORD_TUC_STAFE,Custodia/Coleta,53064.62001637262
2025-01-01,VOLKSWAGEN,Rosario,Custodia/Coleta,49848.58243962276
2025-01-01,VOLKSWAGEN,TIERRA DEL FUEGO,Custodia/Coleta,96481.12730249566
2025-04-01,CHEVROLET,CABA,Custodia/Coleta,121774.45615743627
2025-04-01,CHEVROLET,CORD_TUC_STAFE,Custodia/Coleta,114815.91580558279
2025-04-01,CHEVROLET,Rosario,Custodia/Coleta,107857.37545372928
2025-04-01,CHEVROLET,TIERRA DEL FUEGO,Custodia/Coleta,208756.21055560504
2025-04-01,FIAT,CABA,Custodia/Coleta,94192.27380902425
2025-04-01,FIAT,CORD_TUC_STAFE,Custodia/Coleta,88809.8581627943
2025-04-01,FIAT,Rosario,Custodia/Coleta,83427.44251656436
2025-04-01,FIAT,TIERRA DEL FUEGO,Custodia/Coleta,161472.46938689874
2025-04-01,FORD,CABA,Custodia/Coleta,51993.26634140245
2025-04-01,FORD,CORD_TUC_STAFE,Custodia/Coleta,49022.22255046517
2025-04-01,FORD,Rosario,Custodia/Coleta,46051.17875952789
2025-04-01,FORD,TIERRA DEL FUEGO,Custodia/Coleta,89131.31372811849
2025-04-01,PEUGEOT,CABA,Custodia/Coleta,78768.6421439705
2025-04-01,PEUGEOT,CORD_TUC_STAFE,Custodia/Coleta,74267.57687860078
2025-04-01,PEUGEOT,Rosario,Custodia/Coleta,69766.51161323104
2025-04-01,PEUGEOT,TIERRA DEL FUEGO,Custodia/Coleta,135031.95796109232
2025-04-01,RENAULT,CABA,Custodia/Coleta,114335.38981952271
2025-04-01,RENAULT,CORD_TUC_STAFE,Custodia/Coleta,107801.93897269285
2025-04-01,RENAULT,Rosario,Custodia/Coleta,101268.48812586299
2025-04-01,RENAULT,TIERRA DEL FUEGO,Custodia/Coleta,196003.52540489606
2025-04-01,TOYOTA,CABA,Custodia/Coleta,150769.77110708697
2025-04-01,TOYOTA,CORD_TUC_STAFE,Custodia/Coleta,142154.35561525344
2025-04-01,TOYOTA,Rosario,Custodia/Coleta,133538.94012341992
2025-04-01,TOYOTA,TIERRA DEL FUEGO,Custodia/Coleta,258462.46475500622
2025-04-01,VOLKSWAGEN,CABA,Custodia/Coleta,57969.077320916134
2025-04-01,VOLKSWAGEN,CORD_TUC_STAFE,Custodia/Coleta,54656.5586168638
2025-04-01,VOLKSWAGEN,Rosario,Custodia/Coleta,51344.039912811444
2025-04-01,VOLKSWAGEN,TIERRA DEL FUEGO,Custodia/Coleta,99375.56112157053
2023-12-01,CHEVROLET,CABA,Luneta,104491.50060803551
2023-12-01,CHEVROLET,CORD_TUC_STAFE,Luneta,98520.55771614777
2023-12-01,CHEVROLET,Rosario,Luneta,92549.61482426003
2023-12-01,CHEVROLET,TIERRA DEL FUEGO,Luneta,179128.2867566323
2023-12-01,FIAT,CABA,Luneta,103795.66564814723
2023-12-01,FIAT,CORD_TUC_STAFE,Luneta,97864.48475396741
2023-12-01,FIAT,Rosario,Luneta,91933.30385978756
2023-12-01,FIAT,TIERRA DEL FUEGO,Luneta,177935.42682539523
2023-12-01,FORD,CABA,Luneta,106939.16823795816
2023-12-01,FORD,CORD_TUC_STAFE,Luneta,100828.35862436057
2023-12-01,FORD,Rosario,Luneta,94717.54901076294
2023-12-01,FORD,TIERRA DEL FUEGO,Luneta,183324.28840792828
2023-12-01,PEUGEOT,CABA,Luneta,115462.3901941703
2023-12-01,PEUGEOT,CORD_TUC_STAFE,Luneta,108864.53932593203
2023-12-01,PEUGEOT,Rosario,Luneta,102266.6884576937
2023-12-01,PEUGEOT,TIERRA DEL FUEGO,Luneta,197935.5260471491
2023-12-01,RENAULT,CABA,Luneta,94505.71525508314
2023-12-01,RENAULT,CORD_TUC_STAFE,Luneta,89105.3886690784
2023-12-01,RENAULT,Rosario,Luneta,83705.06208307363
2023-12-01,RENAULT,TIERRA DEL FUEGO,Luneta,162009.79758014253
2023-12-01,TOYOTA,CABA,Luneta,173417.23873814734
2023-12-01,TOYOTA,CORD_TUC_STAFE,Luneta,163507.68223882464
2023-12-01,TOYOTA,Rosario,Luneta,153598.12573950193
2023-12-01,TOYOTA,TIERRA DEL FUEGO,Luneta,297286.6949796811
2023-12-01,VOLKSWAGEN,CABA,Luneta,122805.82723559783
2023-12-01,VOLKSWAGEN,CORD_TUC_STAFE,Luneta,115788.35139356367
2023-12-01,VOLKSWAGEN,Rosario,Luneta,108770.87555152952
2023-12-01,VOLKSWAGEN,TIERRA DEL FUEGO,Luneta,210524.27526102483
2024-02-01,CHEVROLET,CABA,Luneta,110762.19704966737
2024-02-01,CHEVROLET,CORD_TUC_STAFE,Luneta,104432.92864682926
2024-02-01,CHEVROLET,Rosario,Luneta,98103.66024399111
2024-02-01,CHEVROLET,TIERRA DEL FUEGO,Luneta,189878.05208514407
2024-02-01,FIAT,CABA,Luneta,110264.62974290122
2024-02-01,FIAT,CORD_TUC_STAFE,Luneta,103963.79375759258
2024-02-01,FIAT,Rosario,Luneta,97662.95777228395
2024-02-01,FIAT,TIERRA DEL FUEGO,Luneta,189025.0795592592
2024-02-01,FORD,CABA,Luneta,114591.73508236832
2024-02-01,FORD,CORD_TUC_STAFE,Luneta,108043.63593480444
2024-02-01,FORD,Rosario,Luneta,101495.53678724052
2024-02-01,FORD,TIERRA DEL FUEGO,Luneta,196442.97442691715
2024-02-01,PEUGEOT,CABA,Luneta,125088.11511253832
2024-02-01,PEUGEOT,CORD_TUC_STAFE,Luneta,117940.22282039328
2024-02-01,PEUGEOT,Rosario,Luneta,110792.33052824822
2024-02-01,PEUGEOT,TIERRA DEL FUEGO,Luneta,214436.76876435144
2024-02-01,RENAULT,CABA,Luneta,101560.04195494542
2024-02-01,RENAULT,CORD_TUC_STAFE,Luneta,95756.61098609141
2024-02-01,RENAULT,Rosario,Luneta,89953.18001723738
2024-02-01,RENAULT,TIERRA DEL FUEGO,Luneta,174102.92906562073
2024-02-01,TOYOTA,CABA,Luneta,186297.86745127058
2024-02-01,TOYOTA,CORD_TUC_STAFE,Luneta,175652.27502548372
2024-02-01,TOYOTA,Rosario,Luneta,165006.6825996968
2024-02-01,TOYOTA,TIERRA DEL FUEGO,Luneta,319367.7727736067
2024-02-01,VOLKSWAGEN,CABA,Luneta,130198.26618899827
2024-02-01,VOLKSWAGEN,CORD_TUC_STAFE,Luneta,122758.36526391268
2024-02-01,VOLKSWAGEN,Rosario,Luneta,115318.46433882706
2024-02-01,VOLKSWAGEN,TIERRA DEL FUEGO,Luneta,223197.0277525685
2024-03-01,CHEVROLET,CABA,Luneta,117806.72173432208
2024-03-01,CHEVROLET,CORD_TUC_STAFE,Luneta,111074.90906378941
2024-03-01,CHEVROLET,Rosario,Luneta,104343.0963932567
2024-03-01,CHEVROLET,TIERRA DEL FUEGO,Luneta,201954.38011598072
2024-03-01,FIAT,CABA,Luneta,117619.88159982541
2024-03-01,FIAT,CORD_TUC_STAFE,Luneta,110898.74550840682
2024-03-01,FIAT,Rosario,Luneta,104177.60941698823
2024-03-01,FIAT,TIERRA DEL FUEGO,Luneta,201634.08274255783
2024-03-01,FORD,CABA,Luneta,124151.464513355
2024-03-01,FORD,CORD_TUC_STAFE,Luneta,117057.09511259187
2024-03-01,FORD,Rosario,Luneta,109962.72571182872
2024-03-01,FORD,TIERRA DEL FUEGO,Luneta,212831.0820228943
2024-03-01,PEUGEOT,CABA,Luneta,136303.69843536956
2024-03-01,PEUGEOT,CORD_TUC_STAFE,Luneta,128514.91566763418
2024-03-01,PEUGEOT,Rosario,Luneta,120726.13289989876
2024-03-01,PEUGEOT,TIERRA DEL FUEGO,Luneta,233663.48303206213
2024-03-01,RENAULT,CABA,Luneta,108952.62436852444
2024-03-01,RENAULT,CORD_TUC_STAFE,Luneta,102726.76011889448
2024-03-01,RENAULT,Rosario,Luneta,96500.89586926452
2024-03-01,RENAULT,TIERRA DEL FUEGO,Luneta,186775.92748889906
2024-03-01,TOYOTA,CABA,Luneta,197460.2535370094
2024-03-01,TOYOTA,CORD_TUC_STAFE,Luneta,186176.81047775174
2024-03-01,TOYOTA,Rosario,Luneta,174893.36741849405
2024-03-01,TOYOTA,TIERRA DEL FUEGO,Luneta,338503.2917777304
2024-03-01,VOLKSWAGEN,CABA,Luneta,137298.15054048007
2024-03-01,VOLKSWAGEN,CORD_TUC_STAFE,Luneta,129452.54193816693
2024-03-01,VOLKSWAGEN,Rosario,Luneta,121606.9333358538
2024-03-01,VOLKSWAGEN,TIERRA DEL FUEGO,Luneta,235368.25806939445
2024-05-01,CHEVROLET,CABA,Luneta,124453.22949202685
2024-05-01,CHEVROLET,CORD_TUC_STAFE,Luneta,117341.61637819676
2024-05-01,CHEVROLET,Rosario,Luneta,110230.00326436665
2024-05-01,CHEVROLET,TIERRA DEL FUEGO,Luneta,213348.3934149032
2024-05-01,FIAT,CABA,Luneta,124656.26483911056
2024-05-01,FIAT,CORD_TUC_STAFE,Luneta,117533.04970544712
2024-05-01,FIAT,Rosario,Luneta,110409.83457178365
2024-05-01,FIAT,TIERRA DEL FUEGO,Luneta,213696.45400990386
2024-05-01,FORD,CABA,Luneta,134319.24429650663
2024-05-01,FORD,CORD_TUC_STAFE,Luneta,126643.85890813482
2024-05-01,FORD,Rosario,Luneta,118968.47351976299
2024-05-01,FORD,TIERRA DEL FUEGO,Luneta,230261.5616511542
2024-05-01,PEUGEOT,CABA,Luneta,144862.25485819104
2024-05-01,PEUGEOT,CORD_TUC_STAFE,Luneta,136584.41172343728
2024-05-01,PEUGEOT,Rosario,Luneta,128306.56858868348
2024-05-01,PEUGEOT,TIERRA DEL FUEGO,Luneta,248335.2940426132
2024-05-01,RENAULT,CABA,Luneta,116170.91481237231
2024-05-01,RENAULT,CORD_TUC_STAFE,Luneta,109532.57682309388
2024-05-01,RENAULT,Rosario,Luneta,102894.23883381547
2024-05-01,RENAULT,TIERRA DEL FUEGO,Luneta,199150.1396783525
2024-05-01,TOYOTA,CABA,Luneta,209510.41345046792
2024-05-01,TOYOTA,CORD_TUC_STAFE,Luneta,197538.3898247269
2024-05-01,TOYOTA,Rosario,Luneta,185566.3661989859
2024-05-01,TOYOTA,TIERRA DEL FUEGO,Luneta,359160.7087722308
2024-05-01,VOLKSWAGEN,CABA,Luneta,144730.89621924039
2024-05-01,VOLKSWAGEN,CORD_TUC_STAFE,Luneta,136460.55929242665
2024-05-01,VOLKSWAGEN,Rosario,Luneta,128190.22236561294
2024-05-01,VOLKSWAGEN,TIERRA DEL FUEGO,Luneta,248110.1078044121
2024-07-01,CHEVROLET,CABA,Luneta,129547.90762764995
2024-07-01,CHEVROLET,CORD_TUC_STAFE,Luneta,122145.17004892709
2024-07-01,CHEVROLET,Rosario,Luneta,114742.43247020424
2024-07-01,CHEVROLET,TIERRA DEL FUEGO,Luneta,222082.12736168562
2024-07-01,FIAT,CABA,Luneta,129524.21858861472
2024-07-01,FIAT,CORD_TUC_STAFE,Luneta,122122.83466926533
2024-07-01,FIAT,Rosario,Luneta,114721.4507499159
2024-07-01,FIAT,TIERRA DEL FUEGO,Luneta,222041.51758048238
2024-07-01,FORD,CABA,Luneta,140845.68909968127
2024-07-01,FORD,CORD_TUC_STAFE,Luneta,132797.36400827093
2024-07-01,FORD,Rosario,Luneta,124749.03891686055
2024-07-01,FORD,TIERRA DEL FUEGO,Luneta,241449.75274231075
2024-07-01,PEUGEOT,CABA,Luneta,152346.19120583212
2024-07-01,PEUGEOT,CORD_TUC_STAFE,Luneta,143640.69456549888
2024-07-01,PEUGEOT,Rosario,Luneta,134935.19792516562
2024-07-01,PEUGEOT,TIERRA DEL FUEGO,Luneta,261164.89920999794
2024-07-01,RENAULT,CABA,Luneta,122843.22886250241
2024-07-01,RENAULT,CORD_TUC_STAFE,Luneta,115823.61578464514
2024-07-01,RENAULT,Rosario,Luneta,108804.00270678785
2024-07-01,RENAULT,TIERRA DEL FUEGO,Luneta,210588.3923357184
2024-07-01,TOYOTA,CABA,Luneta,219714.59087987646
2024-07-01,TOYOTA,CORD_TUC_STAFE,Luneta,207159.4714010264
2024-07-01,TOYOTA,Rosario,Luneta,194604.3519221763
2024-07-01,TOYOTA,TIERRA DEL FUEGO,Luneta,376653.5843655025
2024-07-01,VOLKSWAGEN,CABA,Luneta,150094.93177894293
2024-07-01,VOLKSWAGEN,CORD_TUC_STAFE,Luneta,141518.07853443193
2024-07-01,VOLKSWAGEN,Rosario,Luneta,132941.2252899209
2024-07-01,VOLKSWAGEN,TIERRA DEL FUEGO,Luneta,257305.5973353308
2024-10-01,CHEVROLET,CABA,Luneta,130446.25727396525
2024-10-01,CHEVROLET,CORD_TUC_STAFE,Luneta,122992.18542973867
2024-10-01,CHEVROLET,Rosario,Luneta,115538.11358551207
2024-10-01,CHEVROLET,TIERRA DEL FUEGO,Luneta,223622.15532679757
2024-10-01,FIAT,CABA,Luneta,130710.0103568723
2024-10-01,FIAT,CORD_TUC_STAFE,Luneta,123240.86690790819
2024-10-01,FIAT,Rosario,Luneta,115771.72345894403
2024-10-01,FIAT,TIERRA DEL FUEGO,Luneta,224074.30346892396
2024-10-01,FORD,CABA,Luneta,142320.74936496426
2024-10-01,FORD,CORD_TUC_STAFE,Luneta,134188.13511553773
2024-10-01,FORD,Rosario,Luneta,126055.5208661112
2024-10-01,FORD,TIERRA DEL FUEGO,Luneta,243978.42748279587
2024-10-01,PEUGEOT,CABA,Luneta,155057.4825642697
2024-10-01,PEUGEOT,CORD_TUC_STAFE,Luneta,146197.0549891686
2024-10-01,PEUGEOT,Rosario,Luneta,137336.62741406748
2024-10-01,PEUGEOT,TIERRA DEL FUEGO,Luneta,265812.8272530338
2024-10-01,RENAULT,CABA,Luneta,125929.57394668921
2024-10-01,RENAULT,CORD_TUC_STAFE,Luneta,118733.59829259271
2024-10-01,RENAULT,Rosario,Luneta,111537.62263849618
2024-10-01,RENAULT,TIERRA DEL FUEGO,Luneta,215879.26962289578
2024-10-01,TOYOTA,CABA,Luneta,221622.5492187235
2024-10-01,TOYOTA,CORD_TUC_STAFE,Luneta,208958.4035490822
2024-10-01,TOYOTA,Rosario,Luneta,196294.2578794408
2024-10-01,TOYOTA,TIERRA DEL FUEGO,Luneta,379924.3700892403
2024-10-01,VOLKSWAGEN,CABA,Luneta,150978.03367252325
2024-10-01,VOLKSWAGEN,CORD_TUC_STAFE,Luneta,142350.7174626648
2024-10-01,VOLKSWAGEN,Rosario,Luneta,133723.4012528063
2024-10-01,VOLKSWAGEN,TIERRA DEL FUEGO,Luneta,258819.48629575412
2025-01-01,CHEVROLET,CABA,Luneta,130446.25727396525
2025-01-01,CHEVROLET,CORD_TUC_STAFE,Luneta,122992.18542973867
2025-01-01,CHEVROLET,Rosario,Luneta,115538.11358551207
2025-01-01,CHEVROLET,TIERRA DEL FUEGO,Luneta,223622.15532679757
2025-01-01,FIAT,CABA,Luneta,130710.0103568723
2025-01-01,FIAT,CORD_TUC_STAFE,Luneta,123240.86690790819
2025-01-01,FIAT,Rosario,Luneta,115771.72345894403
2025-01-01,FIAT,TIERRA DEL FUEGO,Luneta,224074.30346892396
2025-01-01,FORD,CABA,Luneta,142320.74936496426
2025-01-01,FORD,CORD_TUC_STAFE,Luneta,134188.13511553773
2025-01-01,FORD,Rosario,Luneta,126055.5208661112
2025-01-01,FORD,TIERRA DEL FUEGO,Luneta,243978.42748279587
2025-01-01,PEUGEOT,CABA,Luneta,155744.4653298315
2025-01-01,PEUGEOT,CORD_TUC_STAFE,Luneta,146844.78159669827
2025-01-01,PEUGEOT,Rosario,Luneta,137945.09786356505
2025-01-01,PEUGEOT,TIERRA DEL FUEGO,Luneta,266990.5119939969
2025-01-01,RENAULT,CABA,Luneta,125942.12448946653
2025-01-01,RENAULT,CORD_TUC_STAFE,Luneta,118745.43166149703
2025-01-01,RENAULT,Rosario,Luneta,111548.7388335275
2025-01-01,RENAULT,TIERRA DEL FUEGO,Luneta,215900.78483908545
2025-01-01,TOYOTA,CABA,Luneta,221622.5492187235
2025-01-01,TOYOTA,CORD_TUC_STAFE,Luneta,208958.4035490822
2025-01-01,TOYOTA,Rosario,Luneta,196294.2578794408
2025-01-01,TOYOTA,TIERRA DEL FUEGO,Luneta,379924.3700892403
2025-01-01,VOLKSWAGEN,CABA,Luneta,151020.67364992155
2025-01-01,VOLKSWAGEN,CORD_TUC_STAFE,Luneta,142390.92086992608
2025-01-01,VOLKSWAGEN,Rosario,Luneta,133761.16808993055
2025-01-01,VOLKSWAGEN,TIERRA DEL FUEGO,Luneta,258892.58339986557
2025-04-01,CHEVROLET,CABA,Luneta,136744.24429416447
2025-04-01,CHEVROLET,CORD_TUC_STAFE,Luneta,128930.28747735507
2025-04-01,CHEVROLET,Rosario,Luneta,121116.33066054566
2025-04-01,CHEVROLET,TIERRA DEL FUEGO,Luneta,234418.70450428192
2025-04-01,FIAT,CABA,Luneta,134631.31066757848
2025-04-01,FIAT,CORD_TUC_STAFE,Luneta,126938.09291514542
2025-04-01,FIAT,Rosario,Luneta,119244.87516271237
2025-04-01,FIAT,TIERRA DEL FUEGO,Luneta,230796.53257299168
2025-04-01,FORD,CABA,Luneta,153086.5782173092
2025-04-01,FORD,CORD_TUC_STAFE,Luneta,144338.7737477487
2025-04-01,FORD,Rosario,Luneta,135590.96927818813
2025-04-01,FORD,TIERRA DEL FUEGO,Luneta,262434.13408681576
2025-04-01,PEUGEOT,CABA,Luneta,160416.79928972645
2025-04-01,PEUGEOT,CORD_TUC_STAFE,Luneta,151250.12504459923
2025-04-01,PEUGEOT,Rosario,Luneta,142083.45079947202
2025-04-01,PEUGEOT,TIERRA DEL FUEGO,Luneta,275000.2273538168
2025-04-01,RENAULT,CABA,Luneta,129720.38822415052
2025-04-01,RENAULT,CORD_TUC_STAFE,Luneta,122307.79461134195
2025-04-01,RENAULT,Rosario,Luneta,114895.20099853333
2025-04-01,RENAULT,TIERRA DEL FUEGO,Luneta,222377.80838425807
2025-04-01,TOYOTA,CABA,Luneta,228271.22569528522
2025-04-01,TOYOTA,CORD_TUC_STAFE,Luneta,215227.15565555467
2025-04-01,TOYOTA,Rosario,Luneta,202183.08561582403
2025-04-01,TOYOTA,TIERRA DEL FUEGO,Luneta,391322.1011919175
2025-04-01,VOLKSWAGEN,CABA,Luneta,155551.2938907395
2025-04-01,VOLKSWAGEN,CORD_TUC_STAFE,Luneta,146662.64852555442
2025-04-01,VOLKSWAGEN,Rosario,Luneta,137774.0031603693
2025-04-01,VOLKSWAGEN,TIERRA DEL FUEGO,Luneta,266659.3609555535
2023-12-01,CHEVROLET,CABA,Parabrisas,154233.6439390227
2023-12-01,CHEVROLET,CORD_TUC_STAFE,Parabrisas,145420.29285679283
2023-12-01,CHEVROLET,Rosario,Parabrisas,136606.94177456296
2023-12-01,CHEVROLET,TIERRA DEL FUEGO,Parabrisas,264400.53246689605
2023-12-01,FIAT,CABA,Parabrisas,161009.79154391075
2023-12-01,FIAT,CORD_TUC_STAFE,Parabrisas,151809.23202711588
2023-12-01,FIAT,Rosario,Parabrisas,142608.67251032096
2023-12-01,FIAT,TIERRA DEL FUEGO,Parabrisas,276016.785503847
2023-12-01,FORD,CABA,Parabrisas,185470.11666224996
2023-12-01,FORD,CORD_TUC_STAFE,Parabrisas,174871.82428154995
2023-12-01,FORD,Rosario,Parabrisas,164273.53190084995
2023-12-01,FORD,TIERRA DEL FUEGO,Parabrisas,317948.77142099995
2023-12-01,PEUGEOT,CABA,Parabrisas,196913.6272681574
2023-12-01,PEUGEOT,CORD_TUC_STAFE,Parabrisas,185661.4199956913
2023-12-01,PEUGEOT,Rosario,Parabrisas,174409.21272322515
2023-12-01,PEUGEOT,TIERRA DEL FUEGO,Parabrisas,337566.21817398415
2023-12-01,RENAULT,CABA,Parabrisas,145543.05910658956
2023-12-01,RENAULT,CORD_TUC_STAFE,Parabrisas,137226.3128719273
2023-12-01,RENAULT,Rosario,Parabrisas,128909.56663726504
2023-12-01,RENAULT,TIERRA DEL FUEGO,Parabrisas,249502.3870398678
2023-12-01,TOYOTA,CABA,Parabrisas,202559.55878665464
2023-12-01,TOYOTA,CORD_TUC_STAFE,Parabrisas,190984.7268559887
2023-12-01,TOYOTA,Rosario,Parabrisas,179409.89492532267
2023-12-01,TOYOTA,TIERRA DEL FUEGO,Parabrisas,347244.95791997935
2023-12-01,VOLKSWAGEN,CABA,Parabrisas,171836.0992459641
2023-12-01,VOLKSWAGEN,CORD_TUC_STAFE,Parabrisas,162016.89357476617
2023-12-01,VOLKSWAGEN,Rosario,Parabrisas,152197.68790356824
2023-12-01,VOLKSWAGEN,TIERRA DEL FUEGO,Parabrisas,294576.1701359385
2024-02-01,CHEVROLET,CABA,Parabrisas,165354.69537936943
2024-02-01,CHEVROLET,CORD_TUC_STAFE,Parabrisas,155905.85564340546
2024-02-01,CHEVROLET,Rosario,Parabrisas,146457.0159074415
2024-02-01,CHEVROLET,TIERRA DEL FUEGO,Parabrisas,283465.192078919
2024-02-01,FIAT,CABA,Parabrisas,174278.53237097207
2024-02-01,FIAT,CORD_TUC_STAFE,Parabrisas,164319.75909263082
2024-02-01,FIAT,Rosario,Parabrisas,154360.98581428954
2024-02-01,FIAT,TIERRA DEL FUEGO,Parabrisas,298763.19835023786
2024-02-01,FORD,CABA,Parabrisas,200029.21469802217
2024-02-01,FORD,CORD_TUC_STAFE,Parabrisas,188598.9738581352
2024-02-01,FORD,Rosario,Parabrisas,177168.73301824823
2024-02-01,FORD,TIERRA DEL FUEGO,Parabrisas,342907.22519660945
2024-02-01,PEUGEOT,CABA,Parabrisas,213543.8478811861
2024-02-01,PEUGEOT,CORD_TUC_STAFE,Parabrisas,201341.3422879755
2024-02-01,PEUGEOT,Rosario,Parabrisas,189138.83669476488
2024-02-01,PEUGEOT,TIERRA DEL FUEGO,Parabrisas,366075.16779631906
2024-02-01,RENAULT,CABA,Parabrisas,158410.57588504488
2024-02-01,RENAULT,CORD_TUC_STAFE,Parabrisas,149358.54297732806
2024-02-01,RENAULT,Rosario,Parabrisas,140306.5100696112
2024-02-01,RENAULT,TIERRA DEL FUEGO,Parabrisas,271560.9872315055
2024-02-01,TOYOTA,CABA,Parabrisas,218591.1047102193
2024-02-01,TOYOTA,CORD_TUC_STAFE,Parabrisas,206100.18444106393
2024-02-01,TOYOTA,Rosario,Parabrisas,193609.2641719085
2024-02-01,TOYOTA,TIERRA DEL FUEGO,Parabrisas,374727.60807466164
2024-02-01,VOLKSWAGEN,CABA,Parabrisas,182112.15553847738
2024-02-01,VOLKSWAGEN,CORD_TUC_STAFE,Parabrisas,171705.7466505644
2024-02-01,VOLKSWAGEN,Rosario,Parabrisas,161299.3377626514
2024-02-01,VOLKSWAGEN,TIERRA DEL FUEGO,Parabrisas,312192.26663738984
2024-03-01,CHEVROLET,CABA,Parabrisas,176364.7723592316
2024-03-01,CHEVROLET,CORD_TUC_STAFE,Parabrisas,166286.78536727553
2024-03-01,CHEVROLET,Rosario,Parabrisas,156208.79837531943
2024-03-01,CHEVROLET,TIERRA DEL FUEGO,Parabrisas,302339.6097586828
2024-03-01,FIAT,CABA,Parabrisas,181194.1371075438
2024-03-01,FIAT,CORD_TUC_STAFE,Parabrisas,170840.18641568418
2024-03-01,FIAT,Rosario,Parabrisas,160486.2357238245
2024-03-01,FIAT,TIERRA DEL FUEGO,Parabrisas,310618.52075578936
2024-03-01,FORD,CABA,Parabrisas,211288.01697191034
2024-03-01,FORD,CORD_TUC_STAFE,Parabrisas,199214.41600208695
2024-03-01,FORD,Rosario,Parabrisas,187140.8150322635
2024-03-01,FORD,TIERRA DEL FUEGO,Parabrisas,362208.0290947035
2024-03-01,PEUGEOT,CABA,Parabrisas,223886.94388113753
2024-03-01,PEUGEOT,CORD_TUC_STAFE,Parabrisas,211093.40423078687
2024-03-01,PEUGEOT,Rosario,Parabrisas,198299.86458043614
2024-03-01,PEUGEOT,TIERRA DEL FUEGO,Parabrisas,383806.18951052154
2024-03-01,RENAULT,CABA,Parabrisas,167908.37229943243
2024-03-01,RENAULT,CORD_TUC_STAFE,Parabrisas,158313.60816803636
2024-03-01,RENAULT,Rosario,Parabrisas,148718.8440366402
2024-03-01,RENAULT,TIERRA DEL FUEGO,Parabrisas,287842.92394188425
2024-03-01,TOYOTA,CABA,Parabrisas,231031.32640458466
2024-03-01,TOYOTA,CORD_TUC_STAFE,Parabrisas,217829.53632432272
2024-03-01,TOYOTA,Rosario,Parabrisas,204627.7462440607
2024-03-01,TOYOTA,TIERRA DEL FUEGO,Parabrisas,396053.70240785944
2024-03-01,VOLKSWAGEN,CABA,Parabrisas,189835.39707706112
2024-03-01,VOLKSWAGEN,CORD_TUC_STAFE,Parabrisas,178987.6601012291
2024-03-01,VOLKSWAGEN,Rosario,Parabrisas,168139.92312539704
2024-03-01,VOLKSWAGEN,TIERRA DEL FUEGO,Parabrisas,325432.109274962
2024-05-01,CHEVROLET,CABA,Parabrisas,182195.4175947125
2024-05-01,CHEVROLET,CORD_TUC_STAFE,Parabrisas,171784.25087501467
2024-05-01,CHEVROLET,Rosario,Parabrisas,161373.08415531678
2024-05-01,CHEVROLET,TIERRA DEL FUEGO,Parabrisas,312335.0015909357
2024-05-01,FIAT,CABA,Parabrisas,187977.74988627926
2024-05-01,FIAT,CORD_TUC_STAFE,Parabrisas,177236.16417849192
2024-05-01,FIAT,Rosario,Parabrisas,166494.5784707045
2024-05-01,FIAT,TIERRA DEL FUEGO,Parabrisas,322247.5712336216
2024-05-01,FORD,CABA,Parabrisas,217368.773022229
2024-05-01,FORD,CORD_TUC_STAFE,Parabrisas,204947.70027810163
2024-05-01,FORD,Rosario,Parabrisas,192526.62753397427
2024-05-01,FORD,TIERRA DEL FUEGO,Parabrisas,372632.1823238212
2024-05-01,PEUGEOT,CABA,Parabrisas,228686.27245983866
2024-05-01,PEUGEOT,CORD_TUC_STAFE,Parabrisas,215618.4854621336
2024-05-01,PEUGEOT,Rosario,Parabrisas,202550.6984644285
2024-05-01,PEUGEOT,TIERRA DEL FUEGO,Parabrisas,392033.60993115196
2024-05-01,RENAULT,CABA,Parabrisas,175456.6316483012
2024-05-01,RENAULT,CORD_TUC_STAFE,Parabrisas,165430.53841125543
2024-05-01,RENAULT,Rosario,Parabrisas,155404.44517420966
2024-05-01,RENAULT,TIERRA DEL FUEGO,Parabrisas,300782.7971113735
2024-05-01,TOYOTA,CABA,Parabrisas,234448.21714121551
2024-05-01,TOYOTA,CORD_TUC_STAFE,Parabrisas,221051.17616171754
2024-05-01,TOYOTA,Rosario,Parabrisas,207654.13518221947
2024-05-01,TOYOTA,TIERRA DEL FUEGO,Parabrisas,401911.22938494093
2024-05-01,VOLKSWAGEN,CABA,Parabrisas,192394.591758601
2024-05-01,VOLKSWAGEN,CORD_TUC_STAFE,Parabrisas,181400.61508668095
2024-05-01,VOLKSWAGEN,Rosario,Parabrisas,170406.63841476088
2024-05-01,VOLKSWAGEN,TIERRA DEL FUEGO,Parabrisas,329819.30015760165
2024-07-01,CHEVROLET,CABA,Parabrisas,193320.3135859101
2024-07-01,CHEVROLET,CORD_TUC_STAFE,Parabrisas,182273.43852385812
2024-07-01,CHEVROLET,Rosario,Parabrisas,171226.5634618061
2024-07-01,CHEVROLET,TIERRA DEL FUEGO,Parabrisas,331406.2518615602
2024-07-01,FIAT,CABA,Parabrisas,204402.83481549303
2024-07-01,FIAT,CORD_TUC_STAFE,Parabrisas,192722.67282603632
2024-07-01,FIAT,Rosario,Parabrisas,181042.51083657955
2024-07-01,FIAT,TIERRA DEL FUEGO,Parabrisas,350404.85968370235
2024-07-01,FORD,CABA,Parabrisas,231409.17634674287
2024-07-01,FORD,CORD_TUC_STAFE,Parabrisas,218185.79484121472
2024-07-01,FORD,Rosario,Parabrisas,204962.41333568658
2024-07-01,FORD,TIERRA DEL FUEGO,Parabrisas,396701.445165845
2024-07-01,PEUGEOT,CABA,Parabrisas,244847.31561950216
2024-07-01,PEUGEOT,CORD_TUC_STAFE,Parabrisas,230856.0404412449
2024-07-01,PEUGEOT,Rosario,Parabrisas,216864.76526298764
2024-07-01,PEUGEOT,TIERRA DEL FUEGO,Parabrisas,419738.255347718
2024-07-01,RENAULT,CABA,Parabrisas,186799.42085311885
2024-07-01,RENAULT,CORD_TUC_STAFE,Parabrisas,176125.16823294063
2024-07-01,RENAULT,Rosario,Parabrisas,165450.9156127624
2024-07-01,RENAULT,TIERRA DEL FUEGO,Parabrisas,320227.57860534656
2024-07-01,TOYOTA,CABA,Parabrisas,248416.48297362102
2024-07-01,TOYOTA,CORD_TUC_STAFE,Parabrisas,234221.25537512844
2024-07-01,TOYOTA,Rosario,Parabrisas,220026.0277766358
2024-07-01,TOYOTA,TIERRA DEL FUEGO,Parabrisas,425856.827954779
2024-07-01,VOLKSWAGEN,CABA,Parabrisas,204325.36591973557
2024-07-01,VOLKSWAGEN,CORD_TUC_STAFE,Parabrisas,192649.6307243221
2024-07-01,VOLKSWAGEN,Rosario,Parabrisas,180973.89552890864
2024-07-01,VOLKSWAGEN,TIERRA DEL FUEGO,Parabrisas,350272.0558624038
2024-10-01,CHEVROLET,CABA,Parabrisas,198575.09786923646
2024-10-01,CHEVROLET,CORD_TUC_STAFE,Parabrisas,187227.94941956582
2024-10-01,CHEVROLET,Rosario,Parabrisas,175880.80096989518
2024-10-01,CHEVROLET,TIERRA DEL FUEGO,Parabrisas,340414.4534901196
2024-10-01,FIAT,CABA,Parabrisas,211133.516280596
2024-10-01,FIAT,CORD_TUC_STAFE,Parabrisas,199068.7439217048
2024-10-01,FIAT,Rosario,Parabrisas,187003.9715628136
2024-10-01,FIAT,TIERRA DEL FUEGO,Parabrisas,361943.170766736
2024-10-01,FORD,CABA,Parabrisas,237334.7133310654
2024-10-01,FORD,CORD_TUC_STAFE,Parabrisas,223772.7297121474
2024-10-01,FORD,Rosario,Parabrisas,210210.74609322933
2024-10-01,FORD,TIERRA DEL FUEGO,Parabrisas,406859.5085675407
2024-10-01,PEUGEOT,CABA,Parabrisas,252882.9087272924
2024-10-01,PEUGEOT,CORD_TUC_STAFE,Parabrisas,238432.4568000186
2024-10-01,PEUGEOT,Rosario,Parabrisas,223982.00487274473
2024-10-01,PEUGEOT,TIERRA DEL FUEGO,Parabrisas,433513.55781821563
2024-10-01,RENAULT,CABA,Parabrisas,192051.75483375727
2024-10-01,RENAULT,CORD_TUC_STAFE,Parabrisas,181077.3688432569
2024-10-01,RENAULT,Rosario,Parabrisas,170102.98285275648
2024-10-01,RENAULT,TIERRA DEL FUEGO,Parabrisas,329231.5797150125
2024-10-01,TOYOTA,CABA,Parabrisas,254006.52484906223
2024-10-01,TOYOTA,CORD_TUC_STAFE,Parabrisas,239491.8662862587
2024-10-01,TOYOTA,Rosario,Parabrisas,224977.20772345513
2024-10-01,TOYOTA,TIERRA DEL FUEGO,Parabrisas,435439.75688410667
2024-10-01,VOLKSWAGEN,CABA,Parabrisas,209809.85898867325
2024-10-01,VOLKSWAGEN,CORD_TUC_STAFE,Parabrisas,197820.72418932052
2024-10-01,VOLKSWAGEN,Rosario,Parabrisas,185831.58938996776
2024-10-01,VOLKSWAGEN,TIERRA DEL FUEGO,Parabrisas,359674.04398058273
2025-01-01,CHEVROLET,CABA,Parabrisas,198575.09786923646
2025-01-01,CHEVROLET,CORD_TUC_STAFE,Parabrisas,187227.94941956582
2025-01-01,CHEVROLET,Rosario,Parabrisas,175880.80096989518
2025-01-01,CHEVROLET,TIERRA DEL FUEGO,Parabrisas,340414.4534901196
2025-01-01,FIAT,CABA,Parabrisas,211366.13610363298
2025-01-01,FIAT,CORD_TUC_STAFE,Parabrisas,199288.0711834254
2025-01-01,FIAT,Rosario,Parabrisas,187210.0062632178
2025-01-01,FIAT,TIERRA DEL FUEGO,Parabrisas,362341.94760622794
2025-01-01,FORD,CABA,Parabrisas,237334.7133310654
2025-01-01,FORD,CORD_TUC_STAFE,Parabrisas,223772.7297121474
2025-01-01,FORD,Rosario,Parabrisas,210210.74609322933
2025-01-01,FORD,TIERRA DEL FUEGO,Parabrisas,406859.5085675407
2025-01-01,PEUGEOT,CABA,Parabrisas,253543.87627274627
2025-01-01,PEUGEOT,CORD_TUC_STAFE,Parabrisas,239055.6547714465
2025-01-01,PEUGEOT,Rosario,Parabrisas,224567.4332701467
2025-01-01,PEUGEOT,TIERRA DEL FUEGO,Parabrisas,434646.6450389936
2025-01-01,RENAULT,CABA,Parabrisas,192549.225586528
2025-01-01,RENAULT,CORD_TUC_STAFE,Parabrisas,181546.41269586928
2025-01-01,RENAULT,Rosario,Parabrisas,170543.59980521054
2025-01-01,RENAULT,TIERRA DEL FUEGO,Parabrisas,330084.3867197623
2025-01-01,TOYOTA,CABA,Parabrisas,253851.97038393913
2025-01-01,TOYOTA,CORD_TUC_STAFE,Parabrisas,239346.14350485694
2025-01-01,TOYOTA,Rosario,Parabrisas,224840.31662577466
2025-01-01,TOYOTA,TIERRA DEL FUEGO,Parabrisas,435174.8063724671
2025-01-01,VOLKSWAGEN,CABA,Parabrisas,214562.87742318356
2025-01-01,VOLKSWAGEN,CORD_TUC_STAFE,Parabrisas,202302.14157043025
2025-01-01,VOLKSWAGEN,Rosario,Parabrisas,190041.40571767688
2025-01-01,VOLKSWAGEN,TIERRA DEL FUEGO,Parabrisas,367822.0755826004
2025-04-01,CHEVROLET,CABA,Parabrisas,207583.62192635334
2025-04-01,CHEVROLET,CORD_TUC_STAFE,Parabrisas,195721.7006734189
2025-04-01,CHEVROLET,Rosario,Parabrisas,183859.7794204844
2025-04-01,CHEVROLET,TIERRA DEL FUEGO,Parabrisas,355857.6375880343
2025-04-01,FIAT,CABA,Parabrisas,221934.44289199502
2025-04-01,FIAT,CORD_TUC_STAFE,Parabrisas,209252.47472673818
2025-04-01,FIAT,Rosario,Parabrisas,196570.5065614813
2025-04-01,FIAT,TIERRA DEL FUEGO,Parabrisas,380459.0449577057
2025-04-01,FORD,CABA,Parabrisas,249201.4489976187
2025-04-01,FORD,CORD_TUC_STAFE,Parabrisas,234961.36619775477
2025-04-01,FORD,Rosario,Parabrisas,220721.28339789083
2025-04-01,FORD,TIERRA DEL FUEGO,Parabrisas,427202.4839959177
2025-04-01,PEUGEOT,CABA,Parabrisas,265738.6026555955
2025-04-01,PEUGEOT,CORD_TUC_STAFE,Parabrisas,250553.53964670436
2025-04-01,PEUGEOT,Rosario,Parabrisas,235368.47663781318
2025-04-01,PEUGEOT,TIERRA DEL FUEGO,Parabrisas,455551.89026673516
2025-04-01,RENAULT,CABA,Parabrisas,202035.9560712392
2025-04-01,RENAULT,CORD_TUC_STAFE,Parabrisas,190491.04429573982
2025-04-01,RENAULT,Rosario,Parabrisas,178946.13252024047
2025-04-01,RENAULT,TIERRA DEL FUEGO,Parabrisas,346347.3532649815
2025-04-01,TOYOTA,CABA,Parabrisas,269435.1507502172
2025-04-01,TOYOTA,CORD_TUC_STAFE,Parabrisas,254038.85642163336
2025-04-01,TOYOTA,Rosario,Parabrisas,238642.5620930495
2025-04-01,TOYOTA,TIERRA DEL FUEGO,Parabrisas,461888.8298575152
2025-04-01,VOLKSWAGEN,CABA,Parabrisas,223872.29558539012
2025-04-01,VOLKSWAGEN,CORD_TUC_STAFE,Parabrisas,211079.5929805107
2025-04-01,VOLKSWAGEN,Rosario,Parabrisas,198286.89037563125
2025-04-01,VOLKSWAGEN,TIERRA DEL FUEGO,Parabrisas,383781.0781463831
2023-12-01,CHEVROLET,CABA,Puerta,51540.39659282002
2023-12-01,CHEVROLET,CORD_TUC_STAFE,Puerta,48595.23107323031
2023-12-01,CHEVROLET,Rosario,Puerta,45650.06555364059
2023-12-01,CHEVROLET,TIERRA DEL FUEGO,Puerta,88354.96558769146
2023-12-01,FIAT,CABA,Puerta,42450.879258054876
2023-12-01,FIAT,CORD_TUC_STAFE,Puerta,40025.11472902317
2023-12-01,FIAT,Rosario,Puerta,37599.35019999146
2023-12-01,FIAT,TIERRA DEL FUEGO,Puerta,72772.93587095122
2023-12-01,FORD,CABA,Puerta,51548.0040388932
2023-12-01,FORD,CORD_TUC_STAFE,Puerta,48602.40380809932
2023-12-01,FORD,Rosario,Puerta,45656.803577305414
2023-12-01,FORD,TIERRA DEL FUEGO,Puerta,88368.00692381692
2023-12-01,PEUGEOT,CABA,Puerta,43110.48500309453
2023-12-01,PEUGEOT,CORD_TUC_STAFE,Puerta,40647.028717203415
2023-12-01,PEUGEOT,Rosario,Puerta,38183.5724313123
2023-12-01,PEUGEOT,TIERRA DEL FUEGO,Puerta,73903.68857673348
2023-12-01,RENAULT,CABA,Puerta,45515.483011210024
2023-12-01,RENAULT,CORD_TUC_STAFE,Puerta,42914.59826771232
2023-12-01,RENAULT,Rosario,Puerta,40313.713524214596
2023-12-01,RENAULT,TIERRA DEL FUEGO,Puerta,78026.54230493147
2023-12-01,TOYOTA,CABA,Puerta,60635.76233960117
2023-12-01,TOYOTA,CORD_TUC_STAFE,Puerta,57170.86163448111
2023-12-01,TOYOTA,Rosario,Puerta,53705.96092936104
2023-12-01,TOYOTA,TIERRA DEL FUEGO,Puerta,103947.02115360199
2023-12-01,VOLKSWAGEN,CABA,Puerta,48510.30460758446
2023-12-01,VOLKSWAGEN,CORD_TUC_STAFE,Puerta,45738.28720143678
2023-12-01,VOLKSWAGEN,Rosario,Puerta,42966.269795289096
2023-12-01,VOLKSWAGEN,TIERRA DEL FUEGO,Puerta,83160.5221844305
2024-02-01,CHEVROLET,CABA,Puerta,54117.41642246102
2024-02-01,CHEVROLET,CORD_TUC_STAFE,Puerta,51024.99262689183
2024-02-01,CHEVROLET,Rosario,Puerta,47932.56883132262
2024-02-01,CHEVROLET,TIERRA DEL FUEGO,Puerta,92772.71386707603
2024-02-01,FIAT,CABA,Puerta,44573.42322095762
2024-02-01,FIAT,CORD_TUC_STAFE,Puerta,42026.370465474334
2024-02-01,FIAT,Rosario,Puerta,39479.31770999103
2024-02-01,FIAT,TIERRA DEL FUEGO,Puerta,76411.58266449878
2024-02-01,FORD,CABA,Puerta,54125.404240837874
2024-02-01,FORD,CORD_TUC_STAFE,Puerta,51032.52399850429
2024-02-01,FORD,Rosario,Puerta,47939.64375617069
2024-02-01,FORD,TIERRA DEL FUEGO,Puerta,92786.40727000778
2024-02-01,PEUGEOT,CABA,Puerta,45266.009253249256
2024-02-01,PEUGEOT,CORD_TUC_STAFE,Puerta,42679.38015306359
2024-02-01,PEUGEOT,Rosario,Puerta,40092.75105287792
2024-02-01,PEUGEOT,TIERRA DEL FUEGO,Puerta,77598.87300557016
2024-02-01,RENAULT,CABA,Puerta,47791.25716177053
2024-02-01,RENAULT,CORD_TUC_STAFE,Puerta,45060.32818109793
2024-02-01,RENAULT,Rosario,Puerta,42329.39920042533
2024-02-01,RENAULT,TIERRA DEL FUEGO,Puerta,81927.86942017806
2024-02-01,TOYOTA,CABA,Puerta,63667.55045658124
2024-02-01,TOYOTA,CORD_TUC_STAFE,Puerta,60029.404716205165
2024-02-01,TOYOTA,Rosario,Puerta,56391.258975829085
2024-02-01,TOYOTA,TIERRA DEL FUEGO,Puerta,109144.37221128211
2024-02-01,VOLKSWAGEN,CABA,Puerta,50935.81983796369
2024-02-01,VOLKSWAGEN,CORD_TUC_STAFE,Puerta,48025.20156150863
2024-02-01,VOLKSWAGEN,Rosario,Puerta,45114.58328505356
2024-02-01,VOLKSWAGEN,TIERRA DEL FUEGO,Puerta,87318.54829365204
2024-03-01,CHEVROLET,CABA,Puerta,56823.28724358408
2024-03-01,CHEVROLET,CORD_TUC_STAFE,Puerta,53576.242258236416
2024-03-01,CHEVROLET,Rosario,Puerta,50329.197272888756
2024-03-01,CHEVROLET,TIERRA DEL FUEGO,Puerta,97411.34956042985
2024-03-01,FIAT,CABA,Puerta,46802.0943820055
2024-03-01,FIAT,CORD_TUC_STAFE,Puerta,44127.68898874805
2024-03-01,FIAT,Rosario,Puerta,41453.28359549059
2024-03-01,FIAT,TIERRA DEL FUEGO,Puerta,80232.16179772372
2024-03-01,FORD,CABA,Puerta,56268.180086618595
2024-03-01,FORD,CORD_TUC_STAFE,Puerta,53052.8555102404
2024-03-01,FORD,Rosario,Puerta,49837.53093386219
2024-03-01,FORD,TIERRA DEL FUEGO,Puerta,96459.73729134616
2024-03-01,PEUGEOT,CABA,Puerta,48033.667345781745
2024-03-01,PEUGEOT,CORD_TUC_STAFE,Puerta,45288.88635459422
2024-03-01,PEUGEOT,Rosario,Puerta,42544.10536340669
2024-03-01,PEUGEOT,TIERRA DEL FUEGO,Puerta,82343.42973562586
2024-03-01,RENAULT,CABA,Puerta,50180.820019859064
2024-03-01,RENAULT,CORD_TUC_STAFE,Puerta,47313.34459015283
2024-03-01,RENAULT,Rosario,Puerta,44445.8691604466
2024-03-01,RENAULT,TIERRA DEL FUEGO,Puerta,86024.26289118697
2024-03-01,TOYOTA,CABA,Puerta,67918.78379498768
2024-03-01,TOYOTA,CORD_TUC_STAFE,Puerta,64037.710435274115
2024-03-01,TOYOTA,Rosario,Puerta,60156.63707556053
2024-03-01,TOYOTA,TIERRA DEL FUEGO,Puerta,116432.20079140746
2024-03-01,VOLKSWAGEN,CABA,Puerta,55417.54460590211
2024-03-01,VOLKSWAGEN,CORD_TUC_STAFE,Puerta,52250.82777127914
2024-03-01,VOLKSWAGEN,Rosario,Puerta,49084.110936656165
2024-03-01,VOLKSWAGEN,TIERRA DEL FUEGO,Puerta,95001.50503868936
2024-05-01,CHEVROLET,CABA,Puerta,59664.45160576327
2024-05-01,CHEVROLET,CORD_TUC_STAFE,Puerta,56255.054371148246
2024-05-01,CHEVROLET,Rosario,Puerta,52845.6571365332
2024-05-01,CHEVROLET,TIERRA DEL FUEGO,Puerta,102281.91703845134
2024-05-01,FIAT,CABA,Puerta,49142.199101105776
2024-05-01,FIAT,CORD_TUC_STAFE,Puerta,46334.07343818545
2024-05-01,FIAT,Rosario,Puerta,43525.94777526512
2024-05-01,FIAT,TIERRA DEL FUEGO,Puerta,84243.7698876099
2024-05-01,FORD,CABA,Puerta,59116.12907823906
2024-05-01,FORD,CORD_TUC_STAFE,Puerta,55738.06455948254
2024-05-01,FORD,Rosario,Puerta,52360.00004072602
2024-05-01,FORD,TIERRA DEL FUEGO,Puerta,101341.93556269554
2024-05-01,PEUGEOT,CABA,Puerta,50435.350713070846
2024-05-01,PEUGEOT,CORD_TUC_STAFE,Puerta,47553.330672323944
2024-05-01,PEUGEOT,Rosario,Puerta,44671.310631577035
2024-05-01,PEUGEOT,TIERRA DEL FUEGO,Puerta,86460.60122240716
2024-05-01,RENAULT,CABA,Puerta,52721.383462518745
2024-05-01,RENAULT,CORD_TUC_STAFE,Puerta,49708.73297894625
2024-05-01,RENAULT,Rosario,Puerta,46696.082495373754
2024-05-01,RENAULT,TIERRA DEL FUEGO,Puerta,90379.514507175
2024-05-01,TOYOTA,CABA,Puerta,71421.03746807041
2024-05-01,TOYOTA,CORD_TUC_STAFE,Puerta,67339.83532703783
2024-05-01,TOYOTA,Rosario,Puerta,63258.63318600523
2024-05-01,TOYOTA,TIERRA DEL FUEGO,Puerta,122436.06423097785
2024-05-01,VOLKSWAGEN,CABA,Puerta,58358.942166673376
2024-05-01,VOLKSWAGEN,CORD_TUC_STAFE,Puerta,55024.14547143492
2024-05-01,VOLKSWAGEN,Rosario,Puerta,51689.34877619643
2024-05-01,VOLKSWAGEN,TIERRA DEL FUEGO,Puerta,100043.90085715437
2024-07-01,CHEVROLET,CABA,Puerta,61454.38515393618
2024-07-01,CHEVROLET,CORD_TUC_STAFE,Puerta,57942.706002282684
2024-07-01,CHEVROLET,Rosario,Puerta,54431.02685062919
2024-07-01,CHEVROLET,TIERRA DEL FUEGO,Puerta,105350.37454960488
2024-07-01,FIAT,CABA,Puerta,51244.86523029202
2024-07-01,FIAT,CORD_TUC_STAFE,Puerta,48316.58721713248
2024-07-01,FIAT,Rosario,Puerta,45388.30920397293
2024-07-01,FIAT,TIERRA DEL FUEGO,Puerta,87848.34039478633
2024-07-01,FORD,CABA,Puerta,60700.18929614431
2024-07-01,FORD,CORD_TUC_STAFE,Puerta,57231.60705065037
2024-07-01,FORD,Rosario,Puerta,53763.0248051564
2024-07-01,FORD,TIERRA DEL FUEGO,Puerta,104057.46736481882
2024-07-01,PEUGEOT,CABA,Puerta,51948.41123446297
2024-07-01,PEUGEOT,CORD_TUC_STAFE,Puerta,48979.930592493656
2024-07-01,PEUGEOT,Rosario,Puerta,46011.44995052435
2024-07-01,PEUGEOT,TIERRA DEL FUEGO,Puerta,89054.41925907937
2024-07-01,RENAULT,CABA,Puerta,54359.765361394435
2024-07-01,RENAULT,CORD_TUC_STAFE,Puerta,51253.493055029045
2024-07-01,RENAULT,Rosario,Puerta,48147.22074866365
2024-07-01,RENAULT,TIERRA DEL FUEGO,Puerta,93188.1691909619
2024-07-01,TOYOTA,CABA,Puerta,73755.03466211252
2024-07-01,TOYOTA,CORD_TUC_STAFE,Puerta,69540.46125284897
2024-07-01,TOYOTA,Rosario,Puerta,65325.887843585384
2024-07-01,TOYOTA,TIERRA DEL FUEGO,Puerta,126437.20227790718
2024-07-01,VOLKSWAGEN,CABA,Puerta,60109.710431673586
2024-07-01,VOLKSWAGEN,CORD_TUC_STAFE,Puerta,56674.869835577956
2024-07-01,VOLKSWAGEN,Rosario,Puerta,53240.02923948232
2024-07-01,VOLKSWAGEN,TIERRA DEL FUEGO,Puerta,103045.21788286901
2024-10-01,CHEVROLET,CABA,Puerta,61454.38515393618
2024-10-01,CHEVROLET,CORD_TUC_STAFE,Puerta,57942.706002282684
2024-10-01,CHEVROLET,Rosario,Puerta,54431.02685062919
2024-10-01,CHEVROLET,TIERRA DEL FUEGO,Puerta,105350.37454960488
2024-10-01,FIAT,CABA,Puerta,51244.86523029202
2024-10-01,FIAT,CORD_TUC_STAFE,Puerta,48316.58721713248
2024-10-01,FIAT,Rosario,Puerta,45388.30920397293
2024-10-01,FIAT,TIERRA DEL FUEGO,Puerta,87848.34039478633
2024-10-01,FORD,CABA,Puerta,60752.371124713194
2024-10-01,FORD,CORD_TUC_STAFE,Puerta,57280.807060443876
2024-10-01,FORD,Rosario,Puerta,53809.242996174544
2024-10-01,FORD,TIERRA DEL FUEGO,Puerta,104146.92192807977
2024-10-01,PEUGEOT,CABA,Puerta,51948.41123446297
2024-10-01,PEUGEOT,CORD_TUC_STAFE,Puerta,48979.930592493656
2024-10-01,PEUGEOT,Rosario,Puerta,46011.44995052435
2024-10-01,PEUGEOT,TIERRA DEL FUEGO,Puerta,89054.41925907937
2024-10-01,RENAULT,CABA,Puerta,54408.78906267454
2024-10-01,RENAULT,CORD_TUC_STAFE,Puerta,51299.715401950285
2024-10-01,RENAULT,Rosario,Puerta,48190.64174122603
2024-10-01,RENAULT,TIERRA DEL FUEGO,Puerta,93272.2098217278
2024-10-01,TOYOTA,CABA,Puerta,74356.40155883321
2024-10-01,TOYOTA,CORD_TUC_STAFE,Puerta,70107.46432689989
2024-10-01,TOYOTA,Rosario,Puerta,65858.52709496656
2024-10-01,TOYOTA,TIERRA DEL FUEGO,Puerta,127468.11695799978
2024-10-01,VOLKSWAGEN,CABA,Puerta,60473.43503356489
2024-10-01,VOLKSWAGEN,CORD_TUC_STAFE,Puerta,57017.81017450404
2024-10-01,VOLKSWAGEN,Rosario,Puerta,53562.185315443196
2024-10-01,VOLKSWAGEN,TIERRA DEL FUEGO,Puerta,103668.74577182552
2025-01-01,CHEVROLET,CABA,Puerta,61160.51726796121
2025-01-01,CHEVROLET,CORD_TUC_STAFE,Puerta,57665.63056693486
2025-01-01,CHEVROLET,Rosario,Puerta,54170.74386590851
2025-01-01,CHEVROLET,TIERRA DEL FUEGO,Puerta,104846.60103079065
2025-01-01,FIAT,CABA,Puerta,51981.36803580594
2025-01-01,FIAT,CORD_TUC_STAFE,Puerta,49011.00414804561
2025-01-01,FIAT,Rosario,Puerta,46040.64026028527
2025-01-01,FIAT,TIERRA DEL FUEGO,Puerta,89110.9166328102
2025-01-01,FORD,CABA,Puerta,60752.371124713194
2025-01-01,FORD,CORD_TUC_STAFE,Puerta,57280.807060443876
2025-01-01,FORD,Rosario,Puerta,53809.242996174544
2025-01-01,FORD,TIERRA DEL FUEGO,Puerta,104146.92192807977
2025-01-01,PEUGEOT,CABA,Puerta,51627.01449191387
2025-01-01,PEUGEOT,CORD_TUC_STAFE,Puerta,48676.899378090224
2025-01-01,PEUGEOT,Rosario,Puerta,45726.78426426657
2025-01-01,PEUGEOT,TIERRA DEL FUEGO,Puerta,88503.45341470948
2025-01-01,RENAULT,CABA,Puerta,55097.15303410916
2025-01-01,RENAULT,CORD_TUC_STAFE,Puerta,51948.74428930293
2025-01-01,RENAULT,Rosario,Puerta,48800.33554449668
2025-01-01,RENAULT,TIERRA DEL FUEGO,Puerta,94452.26234418714
2025-01-01,TOYOTA,CABA,Puerta,74708.58180831713
2025-01-01,TOYOTA,CORD_TUC_STAFE,Puerta,70439.51999069902
2025-01-01,TOYOTA,Rosario,Puerta,66170.45817308089
2025-01-01,TOYOTA,TIERRA DEL FUEGO,Puerta,128071.85452854366
2025-01-01,VOLKSWAGEN,CABA,Puerta,60473.43503356489
2025-01-01,VOLKSWAGEN,CORD_TUC_STAFE,Puerta,57017.81017450404
2025-01-01,VOLKSWAGEN,Rosario,Puerta,53562.185315443196
2025-01-01,VOLKSWAGEN,TIERRA DEL FUEGO,Puerta,103668.74577182552
2025-04-01,CHEVROLET,CABA,Puerta,64039.99506300721
2025-04-01,CHEVROLET,CORD_TUC_STAFE,Puerta,60380.56677369252
2025-04-01,CHEVROLET,Rosario,Puerta,56721.13848437781
2025-04-01,CHEVROLET,TIERRA DEL FUEGO,Puerta,109782.84867944094
2025-04-01,FIAT,CABA,Puerta,52845.50786328955
2025-04-01,FIAT,CORD_TUC_STAFE,Puerta,49825.76455681587
2025-04-01,FIAT,Rosario,Puerta,46806.02125034218
2025-04-01,FIAT,TIERRA DEL FUEGO,Puerta,90592.29919421067
2025-04-01,FORD,CABA,Puerta,61512.45210269366
2025-04-01,FORD,CORD_TUC_STAFE,Puerta,57997.45483968261
2025-04-01,FORD,Rosario,Puerta,54482.457576671535
2025-04-01,FORD,TIERRA DEL FUEGO,Puerta,105449.917890332
2025-04-01,PEUGEOT,CABA,Puerta,53104.26357384298
2025-04-01,PEUGEOT,CORD_TUC_STAFE,Puerta,50069.734226766246
2025-04-01,PEUGEOT,Rosario,Puerta,47035.2048796895
2025-04-01,PEUGEOT,TIERRA DEL FUEGO,Puerta,91035.88041230224
2025-04-01,RENAULT,CABA,Puerta,56965.053313490534
2025-04-01,RENAULT,CORD_TUC_STAFE,Puerta,53709.907409862506
2025-04-01,RENAULT,Rosario,Puerta,50454.76150623448
2025-04-01,RENAULT,TIERRA DEL FUEGO,Puerta,97654.37710884091
2025-04-01,TOYOTA,CABA,Puerta,76949.83927572174
2025-04-01,TOYOTA,CORD_TUC_STAFE,Puerta,72552.70560282335
2025-04-01,TOYOTA,Rosario,Puerta,68155.57192992496
2025-04-01,TOYOTA,TIERRA DEL FUEGO,Puerta,131914.01018695155
2025-04-01,VOLKSWAGEN,CABA,Puerta,62122.21542809395
2025-04-01,VOLKSWAGEN,CORD_TUC_STAFE,Puerta,58572.374546488594
2025-04-01,VOLKSWAGEN,Rosario,Puerta,55022.53366488322
2025-04-01,VOLKSWAGEN,TIERRA DEL FUEGO,Puerta,106495.22644816106
