fecha,marca,zona,tipo_cristal,precio_ipc
2023-12-01,CHEVROLET,CABA,Aleta/Ventilete,89119.37532634169
2023-12-01,CHEVROLET,CORD_TUC_STAFE,Aleta/Ventilete,84026.83959340787
2023-12-01,CHEVROLET,Rosario,Aleta/Ventilete,78934.30385709889
2023-12-01,CHEVROLET,TIERRA DEL FUEGO,Aleta/Ventilete,152776.0719880143
2023-12-01,FIAT,CABA,Aleta/Ventilete,73166.34690481806
2023-12-01,FIAT,CORD_TUC_STAFE,Aleta/Ventilete,68985.41279597131
2023-12-01,FIAT,Rosario,Aleta/Ventilete,64804.47868435356
2023-12-01,FIAT,TIERRA DEL FUEGO,Aleta/Ventilete,125428.02326540239
2023-12-01,FORD,CABA,Aleta/Ventilete,88983.82833023231
2023-12-01,FORD,CORD_TUC_STAFE,Aleta/Ventilete,83899.03813993336
2023-12-01,FORD,Rosario,Aleta/Ventilete,78814.24794626428
2023-12-01,FORD,TIERRA DEL FUEGO,Aleta/Ventilete,152543.7057089697
2023-12-01,PEUGEOT,CABA,Aleta/Ventilete,265037.39829999855
2023-12-01,PEUGEOT,CORD_TUC_STAFE,Aleta/Ventilete,263599.91438043234
2023-12-01,PEUGEOT,Rosario,Aleta/Ventilete,262162.4304496562
2023-12-01,PEUGEOT,TIERRA DEL FUEGO,Aleta/Ventilete,283005.94729457586
2023-12-01,RENAULT,CABA,Aleta/Ventilete,96634.75157336483
2023-12-01,RENAULT,CORD_TUC_STAFE,Aleta/Ventilete,91112.76576917258
2023-12-01,RENAULT,Rosario,Aleta/Ventilete,85590.77996132048
2023-12-01,RENAULT,TIERRA DEL FUEGO,Aleta/Ventilete,165659.5741257683
2023-12-01,TOYOTA,CABA,Aleta/Ventilete,88398.79512452298
2023-12-01,TOYOTA,CORD_TUC_STAFE,Aleta/Ventilete,83347.43540312166
2023-12-01,TOYOTA,Rosario,Aleta/Ventilete,78296.07567837245
2023-12-01,TOYOTA,TIERRA DEL FUEGO,Aleta/Ventilete,151540.79164203937
2023-12-01,VOLKSWAGEN,CABA,Aleta/Ventilete,90358.61302331135
2023-12-01,VOLKSWAGEN,CORD_TUC_STAFE,Aleta/Ventilete,85195.26370769356
2023-12-01,VOLKSWAGEN,Rosario,Aleta/Ventilete,80031.91438865366
2023-12-01,VOLKSWAGEN,TIERRA DEL FUEGO,Aleta/Ventilete,154900.47946853377
2024-02-01,CHEVROLET,CABA,Aleta/Ventilete,68511.0222326186
2024-02-01,CHEVROLET,CORD_TUC_STAFE,Aleta/Ventilete,64596.10667646898
2024-02-01,CHEVROLET,Rosario,Aleta/Ventilete,60681.19112717532
2024-02-01,CHEVROLET,TIERRA DEL FUEGO,Aleta/Ventilete,117447.46668448905
2024-02-01,FIAT,CABA,Aleta/Ventilete,56247.04169121161
2024-02-01,FIAT,CORD_TUC_STAFE,Aleta/Ventilete,53032.92502314238
2024-02-01,FIAT,Rosario,Aleta/Ventilete,49818.80836070184
2024-02-01,FIAT,TIERRA DEL FUEGO,Aleta/Ventilete,96423.50004207705
2024-02-01,FORD,CABA,Aleta/Ventilete,68406.8197151525
2024-02-01,FORD,CORD_TUC_STAFE,Aleta/Ventilete,64497.85858857236
2024-02-01,FORD,Rosario,Aleta/Ventilete,60588.89746883776
2024-02-01,FORD,TIERRA DEL FUEGO,Aleta/Ventilete,117268.83379740425
2024-02-01,PEUGEOT,CABA,Aleta/Ventilete,205505.28184405016
2024-02-01,PEUGEOT,CORD_TUC_STAFE,Aleta/Ventilete,204400.20797642262
2024-02-01,PEUGEOT,Rosario,Aleta/Ventilete,203295.13413176406
2024-02-01,PEUGEOT,TIERRA DEL FUEGO,Aleta/Ventilete,219318.70518939442
2024-02-01,RENAULT,CABA,Aleta/Ventilete,74288.5100938257
2024-02-01,RENAULT,CORD_TUC_STAFE,Aleta/Ventilete,70043.45237417852
2024-02-01,RENAULT,Rosario,Aleta/Ventilete,65798.39466196546
2024-02-01,RENAULT,TIERRA DEL FUEGO,Aleta/Ventilete,127351.73158941546
2024-02-01,TOYOTA,CABA,Aleta/Ventilete,67957.07213987604
2024-02-01,TOYOTA,CORD_TUC_STAFE,Aleta/Ventilete,64073.81087474027
2024-02-01,TOYOTA,Rosario,Aleta/Ventilete,60190.549616405035
2024-02-01,TOYOTA,TIERRA DEL FUEGO,Aleta/Ventilete,116497.83795407321
2024-02-01,VOLKSWAGEN,CABA,Aleta/Ventilete,69463.69319892299
2024-02-01,VOLKSWAGEN,CORD_TUC_STAFE,Aleta/Ventilete,65494.33930184168
2024-02-01,VOLKSWAGEN,Rosario,Aleta/Ventilete,61524.98541171167
2024-02-01,VOLKSWAGEN,TIERRA DEL FUEGO,Aleta/Ventilete,119080.61691243941
2024-03-01,CHEVROLET,CABA,Aleta/Ventilete,64802.06077931022
2024-03-01,CHEVROLET,CORD_TUC_STAFE,Aleta/Ventilete,61099.08587763534
2024-03-01,CHEVROLET,Rosario,Aleta/Ventilete,57396.11096479505
2024-03-01,CHEVROLET,TIERRA DEL FUEGO,Aleta/Ventilete,111089.24705024608
2024-03-01,FIAT,CABA,Aleta/Ventilete,53202.011815770486
2024-03-01,FIAT,CORD_TUC_STAFE,Aleta/Ventilete,50161.89685486932
2024-03-01,FIAT,Rosario,Aleta/Ventilete,47121.78188480142
2024-03-01,FIAT,TIERRA DEL FUEGO,Aleta/Ventilete,91203.44882703511
2024-03-01,FORD,CABA,Aleta/Ventilete,68905.64190455098
2024-03-01,FORD,CORD_TUC_STAFE,Aleta/Ventilete,64968.17665286238
2024-03-01,FORD,Rosario,Aleta/Ventilete,61030.711389301265
2024-03-01,FORD,TIERRA DEL FUEGO,Aleta/Ventilete,118123.95755065883
2024-03-01,PEUGEOT,CABA,Aleta/Ventilete,195721.52488473384
2024-03-01,PEUGEOT,CORD_TUC_STAFE,Aleta/Ventilete,194676.2760823954
2024-03-01,PEUGEOT,Rosario,Aleta/Ventilete,193631.0272423894
2024-03-01,PEUGEOT,TIERRA DEL FUEGO,Aleta/Ventilete,208787.13491396446
2024-03-01,RENAULT,CABA,Aleta/Ventilete,70266.77444629469
2024-03-01,RENAULT,CORD_TUC_STAFE,Aleta/Ventilete,66251.5301922207
2024-03-01,RENAULT,Rosario,Aleta/Ventilete,62236.285926039716
2024-03-01,RENAULT,TIERRA DEL FUEGO,Aleta/Ventilete,120457.32762221947
2024-03-01,TOYOTA,CABA,Aleta/Ventilete,62364.60287901164
2024-03-01,TOYOTA,CORD_TUC_STAFE,Aleta/Ventilete,58800.91128592527
2024-03-01,TOYOTA,Rosario,Aleta/Ventilete,55237.21968209344
2024-03-01,TOYOTA,TIERRA DEL FUEGO,Aleta/Ventilete,106910.74779259137
2024-03-01,VOLKSWAGEN,CABA,Aleta/Ventilete,65703.15727224428
2024-03-01,VOLKSWAGEN,CORD_TUC_STAFE,Aleta/Ventilete,61948.69114240175
2024-03-01,VOLKSWAGEN,Rosario,Aleta/Ventilete,58194.22500123854
2024-03-01,VOLKSWAGEN,TIERRA DEL FUEGO,Aleta/Ventilete,112633.98389527589
2024-05-01,CHEVROLET,CABA,Aleta/Ventilete,60687.057847786265
2024-05-01,CHEVROLET,CORD_TUC_STAFE,Aleta/Ventilete,57219.225970769905
2024-05-01,CHEVROLET,Rosario,Aleta/Ventilete,53751.39409902045
2024-05-01,CHEVROLET,TIERRA DEL FUEGO,Aleta/Ventilete,104034.95631049073
2024-05-01,FIAT,CABA,Aleta/Ventilete,49598.26553268465
2024-05-01,FIAT,CORD_TUC_STAFE,Aleta/Ventilete,46764.07893081697
2024-05-01,FIAT,Rosario,Aleta/Ventilete,43929.892333253796
2024-05-01,FIAT,TIERRA DEL FUEGO,Aleta/Ventilete,85025.59805603085
2024-05-01,FORD,CABA,Aleta/Ventilete,63814.407727834456
2024-05-01,FORD,CORD_TUC_STAFE,Aleta/Ventilete,60167.870143386775
2024-05-01,FORD,Rosario,Aleta/Ventilete,56521.332564477394
2024-05-01,FORD,TIERRA DEL FUEGO,Aleta/Ventilete,109396.1275334305
2024-05-01,PEUGEOT,CABA,Aleta/Ventilete,187520.04637818478
2024-05-01,PEUGEOT,CORD_TUC_STAFE,Aleta/Ventilete,186552.02791981449
2024-05-01,PEUGEOT,Rosario,Aleta/Ventilete,185584.00947962893
2024-05-01,PEUGEOT,TIERRA DEL FUEGO,Aleta/Ventilete,199620.27710781296
2024-05-01,RENAULT,CABA,Aleta/Ventilete,65407.43460020918
2024-05-01,RENAULT,CORD_TUC_STAFE,Aleta/Ventilete,61669.86690876866
2024-05-01,RENAULT,Rosario,Aleta/Ventilete,57932.29922300469
2024-05-01,RENAULT,TIERRA DEL FUEGO,Aleta/Ventilete,112127.0307432157
2024-05-01,TOYOTA,CABA,Aleta/Ventilete,57084.905803750684
2024-05-01,TOYOTA,CORD_TUC_STAFE,Aleta/Ventilete,53822.9111863935
2024-05-01,TOYOTA,Rosario,Aleta/Ventilete,50560.91657399059
2024-05-01,TOYOTA,TIERRA DEL FUEGO,Aleta/Ventilete,97859.83852071546
2024-05-01,VOLKSWAGEN,CABA,Aleta/Ventilete,60848.54521760295
2024-05-01,VOLKSWAGEN,CORD_TUC_STAFE,Aleta/Ventilete,57371.48549088278
2024-05-01,VOLKSWAGEN,Rosario,Aleta/Ventilete,53894.42576944353
2024-05-01,VOLKSWAGEN,TIERRA DEL FUEGO,Aleta/Ventilete,104311.79180160504
2024-07-01,CHEVROLET,CABA,Aleta/Ventilete,58569.409053060685
2024-07-01,CHEVROLET,CORD_TUC_STAFE,Aleta/Ventilete,55222.58567860007
2024-07-01,CHEVROLET,Rosario,Aleta/Ventilete,51875.76231626402
2024-07-01,CHEVROLET,TIERRA DEL FUEGO,Aleta/Ventilete,100404.70123381831
2024-07-01,FIAT,CABA,Aleta/Ventilete,47498.82760167909
2024-07-01,FIAT,CORD_TUC_STAFE,Aleta/Ventilete,44784.60888158316
2024-07-01,FIAT,Rosario,Aleta/Ventilete,42070.39017132002
2024-07-01,FIAT,TIERRA DEL FUEGO,Aleta/Ventilete,81426.56160287847
2024-07-01,FORD,CABA,Aleta/Ventilete,60416.70260070234
2024-07-01,FORD,CORD_TUC_STAFE,Aleta/Ventilete,56964.31959494791
2024-07-01,FORD,Rosario,Aleta/Ventilete,53511.936601700465
2024-07-01,FORD,TIERRA DEL FUEGO,Aleta/Ventilete,103571.49017263256
2024-07-01,PEUGEOT,CABA,Aleta/Ventilete,179103.75128014715
2024-07-01,PEUGEOT,CORD_TUC_STAFE,Aleta/Ventilete,178187.27355366288
2024-07-01,PEUGEOT,Rosario,Aleta/Ventilete,177270.79586861088
2024-07-01,PEUGEOT,TIERRA DEL FUEGO,Aleta/Ventilete,190559.72286120054
2024-07-01,RENAULT,CABA,Aleta/Ventilete,62474.982006445745
2024-07-01,RENAULT,CORD_TUC_STAFE,Aleta/Ventilete,58904.983034648845
2024-07-01,RENAULT,Rosario,Aleta/Ventilete,55334.984075784996
2024-07-01,RENAULT,TIERRA DEL FUEGO,Aleta/Ventilete,107099.96915390699
2024-07-01,TOYOTA,CABA,Aleta/Ventilete,54237.17238102635
2024-07-01,TOYOTA,CORD_TUC_STAFE,Aleta/Ventilete,51137.90538782485
2024-07-01,TOYOTA,Rosario,Aleta/Ventilete,48038.638405851074
2024-07-01,TOYOTA,TIERRA DEL FUEGO,Aleta/Ventilete,92978.00979604517
2024-07-01,VOLKSWAGEN,CABA,Aleta/Ventilete,57608.753116951644
2024-07-01,VOLKSWAGEN,CORD_TUC_STAFE,Aleta/Ventilete,54316.82436741155
2024-07-01,VOLKSWAGEN,Rosario,Aleta/Ventilete,51024.89562979714
2024-07-01,VOLKSWAGEN,TIERRA DEL FUEGO,Aleta/Ventilete,98757.8624862028
2024-10-01,CHEVROLET,CABA,Aleta/Ventilete,53783.38626819248
2024-10-01,CHEVROLET,CORD_TUC_STAFE,Aleta/Ventilete,50710.049910010064
2024-10-01,CHEVROLET,Rosario,Aleta/Ventilete,47636.71355185044
2024-10-01,CHEVROLET,TIERRA DEL FUEGO,Aleta/Ventilete,92200.09074547284
2024-10-01,FIAT,CABA,Aleta/Ventilete,42497.748110032735
2024-10-01,FIAT,CORD_TUC_STAFE,Aleta/Ventilete,40069.30536088801
2024-10-01,FIAT,Rosario,Aleta/Ventilete,37640.862611761295
2024-10-01,FIAT,TIERRA DEL FUEGO,Aleta/Ventilete,72853.28247434183
2024-10-01,FORD,CABA,Aleta/Ventilete,54583.10633498779
2024-10-01,FORD,CORD_TUC_STAFE,Aleta/Ventilete,51464.0716872742
2024-10-01,FORD,Rosario,Aleta/Ventilete,48345.03703958376
2024-10-01,FORD,TIERRA DEL FUEGO,Aleta/Ventilete,93571.03943140764
2024-10-01,PEUGEOT,CABA,Aleta/Ventilete,162988.76847912415
2024-10-01,PEUGEOT,CORD_TUC_STAFE,Aleta/Ventilete,162160.7821931305
2024-10-01,PEUGEOT,Rosario,Aleta/Ventilete,161332.79590721408
2024-10-01,PEUGEOT,TIERRA DEL FUEGO,Aleta/Ventilete,173338.5970540449
2024-10-01,RENAULT,CABA,Aleta/Ventilete,56872.018419975335
2024-10-01,RENAULT,CORD_TUC_STAFE,Aleta/Ventilete,53622.18879597674
2024-10-01,RENAULT,Rosario,Aleta/Ventilete,50372.35917200226
2024-10-01,RENAULT,TIERRA DEL FUEGO,Aleta/Ventilete,97494.88871995769
2024-10-01,TOYOTA,CABA,Aleta/Ventilete,48452.47960964008
2024-10-01,TOYOTA,CORD_TUC_STAFE,Aleta/Ventilete,45683.76648908923
2024-10-01,TOYOTA,Rosario,Aleta/Ventilete,42915.05336855891
2024-10-01,TOYOTA,TIERRA DEL FUEGO,Aleta/Ventilete,83061.39361652585
2024-10-01,VOLKSWAGEN,CABA,Aleta/Ventilete,52046.281274080604
2024-10-01,VOLKSWAGEN,CORD_TUC_STAFE,Aleta/Ventilete,49072.20805841885
2024-10-01,VOLKSWAGEN,Rosario,Aleta/Ventilete,46098.134842779175
2024-10-01,VOLKSWAGEN,TIERRA DEL FUEGO,Aleta/Ventilete,89222.19646985245
2025-01-01,CHEVROLET,CABA,Aleta/Ventilete,50020.71927202797
2025-01-01,CHEVROLET,CORD_TUC_STAFE,Aleta/Ventilete,47162.39245648353
2025-01-01,CHEVROLET,Rosario,Aleta/Ventilete,44304.06563271914
2025-01-01,CHEVROLET,TIERRA DEL FUEGO,Aleta/Ventilete,85749.80446633369
2025-01-01,FIAT,CABA,Aleta/Ventilete,44833.0972784846
2025-01-01,FIAT,CORD_TUC_STAFE,Aleta/Ventilete,42271.20600542834
2025-01-01,FIAT,Rosario,Aleta/Ventilete,39709.31472500463
2025-01-01,FIAT,TIERRA DEL FUEGO,Aleta/Ventilete,76856.73819168788
2025-01-01,FORD,CABA,Aleta/Ventilete,53677.68740448432
2025-01-01,FORD,CORD_TUC_STAFE,Aleta/Ventilete,50610.39098137093
2025-01-01,FORD,Rosario,Aleta/Ventilete,47543.09454943666
2025-01-01,FORD,TIERRA DEL FUEGO,Aleta/Ventilete,92018.89269340169
2025-01-01,PEUGEOT,CABA,Aleta/Ventilete,151586.13092774732
2025-01-01,PEUGEOT,CORD_TUC_STAFE,Aleta/Ventilete,150816.07027432817
2025-01-01,PEUGEOT,Rosario,Aleta/Ventilete,150046.00959307037
2025-01-01,PEUGEOT,TIERRA DEL FUEGO,Aleta/Ventilete,161211.88909548643
2025-01-01,RENAULT,CABA,Aleta/Ventilete,52893.271792772815
2025-01-01,RENAULT,CORD_TUC_STAFE,Aleta/Ventilete,49870.79911890008
2025-01-01,RENAULT,Rosario,Aleta/Ventilete,46848.326436335374
2025-01-01,RENAULT,TIERRA DEL FUEGO,Aleta/Ventilete,90674.18021618195
2025-01-01,TOYOTA,CABA,Aleta/Ventilete,45062.760989090064
2025-01-01,TOYOTA,CORD_TUC_STAFE,Aleta/Ventilete,42487.74607542778
2025-01-01,TOYOTA,Rosario,Aleta/Ventilete,39912.7311543603
2025-01-01,TOYOTA,TIERRA DEL FUEGO,Aleta/Ventilete,77250.44740986868
2025-01-01,VOLKSWAGEN,CABA,Aleta/Ventilete,48405.141539097174
2025-01-01,VOLKSWAGEN,CORD_TUC_STAFE,Aleta/Ventilete,45639.133451148766
2025-01-01,VOLKSWAGEN,Rosario,Aleta/Ventilete,42873.12535524592
2025-01-01,VOLKSWAGEN,TIERRA DEL FUEGO,Aleta/Ventilete,82980.2426384523
2025-04-01,CHEVROLET,CABA,Aleta/Ventilete,45570.52832171634
2025-04-01,CHEVROLET,CORD_TUC_STAFE,Aleta/Ventilete,42966.49813190397
2025-04-01,CHEVROLET,Rosario,Aleta/Ventilete,40362.46794209161
2025-04-01,CHEVROLET,TIERRA DEL FUEGO,Aleta/Ventilete,78120.90569437086
2025-04-01,FIAT,CABA,Aleta/Ventilete,42035.089629313945
2025-04-01,FIAT,CORD_TUC_STAFE,Aleta/Ventilete,39633.084507638865
2025-04-01,FIAT,Rosario,Aleta/Ventilete,37231.079385963785
2025-04-01,FIAT,TIERRA DEL FUEGO,Aleta/Ventilete,72060.15365025248
2025-04-01,FORD,CABA,Aleta/Ventilete,48025.70348224948
2025-04-01,FORD,CORD_TUC_STAFE,Aleta/Ventilete,45281.37756897809
2025-04-01,FORD,Rosario,Aleta/Ventilete,42537.05165570669
2025-04-01,FORD,TIERRA DEL FUEGO,Aleta/Ventilete,82329.77739814197
2025-04-01,PEUGEOT,CABA,Aleta/Ventilete,131838.40606118127
2025-04-01,PEUGEOT,CORD_TUC_STAFE,Aleta/Ventilete,130727.30087939004
2025-04-01,PEUGEOT,Rosario,Aleta/Ventilete,129616.1956975988
2025-04-01,PEUGEOT,TIERRA DEL FUEGO,Aleta/Ventilete,145727.2208335718
2025-04-01,RENAULT,CABA,Aleta/Ventilete,49901.89723376588
2025-04-01,RENAULT,CORD_TUC_STAFE,Aleta/Ventilete,47050.360248979254
2025-04-01,RENAULT,Rosario,Aleta/Ventilete,44198.823264192644
2025-04-01,RENAULT,TIERRA DEL FUEGO,Aleta/Ventilete,85546.10954359865
2025-04-01,TOYOTA,CABA,Aleta/Ventilete,42514.24031316181
2025-04-01,TOYOTA,CORD_TUC_STAFE,Aleta/Ventilete,40084.85515240971
2025-04-01,TOYOTA,Rosario,Aleta/Ventilete,37655.46999165761
2025-04-01,TOYOTA,TIERRA DEL FUEGO,Aleta/Ventilete,72881.5548225631
2025-04-01,VOLKSWAGEN,CABA,Aleta/Ventilete,45667.592810924725
2025-04-01,VOLKSWAGEN,CORD_TUC_STAFE,Aleta/Ventilete,43058.01607887189
2025-04-01,VOLKSWAGEN,Rosario,Aleta/Ventilete,40448.43934681905
2025-04-01,VOLKSWAGEN,TIERRA DEL FUEGO,Aleta/Ventilete,78287.30196158524
2023-12-01,CHEVROLET,CABA,Custodia/Coleta,231616.3584204144
2023-12-01,CHEVROLET,CORD_TUC_STAFE,Custodia/Coleta,218381.13793924786
2023-12-01,CHEVROLET,Rosario,Custodia/Coleta,205145.9174493094
2023-12-01,CHEVROLET,TIERRA DEL FUEGO,Custodia/Coleta,397056.6144349961
2023-12-01,FIAT,CABA,Custodia/Coleta,186315.47571085472
2023-12-01,FIAT,CORD_TUC_STAFE,Custodia/Coleta,175668.8770988059
2023-12-01,FIAT,Rosario,Custodia/Coleta,165022.2784797008
2023-12-01,FIAT,TIERRA DEL FUEGO,Custodia/Coleta,319397.95836146525
2023-12-01,FORD,CABA,Custodia/Coleta,99738.77307219699
2023-12-01,FORD,CORD_TUC_STAFE,Custodia/Coleta,94039.4146109286
2023-12-01,FORD,Rosario,Custodia/Coleta,88340.05614588282
2023-12-01,FORD,TIERRA DEL FUEGO,Custodia/Coleta,170980.75383805198
2023-12-01,PEUGEOT,CABA,Custodia/Coleta,155852.8666778354
2023-12-01,PEUGEOT,CORD_TUC_STAFE,Custodia/Coleta,146946.98858195913
2023-12-01,PEUGEOT,Rosario,Custodia/Coleta,138041.11048018024
2023-12-01,PEUGEOT,TIERRA DEL FUEGO,Custodia/Coleta,267176.3428762893
2023-12-01,RENAULT,CABA,Custodia/Coleta,223169.679340868
2023-12-01,RENAULT,CORD_TUC_STAFE,Custodia/Coleta,210417.1262356756
2023-12-01,RENAULT,Rosario,Custodia/Coleta,197664.57312203108
2023-12-01,RENAULT,TIERRA DEL FUEGO,Custodia/Coleta,382576.5931557737
2023-12-01,TOYOTA,CABA,Custodia/Coleta,298315.4259845175
2023-12-01,TOYOTA,CORD_TUC_STAFE,Custodia/Coleta,281268.8302139737
2023-12-01,TOYOTA,Rosario,Custodia/Coleta,264222.2344321318
2023-12-01,TOYOTA,TIERRA DEL FUEGO,Custodia/Coleta,511397.87311631575
2023-12-01,VOLKSWAGEN,CABA,Custodia/Coleta,117123.78620843383
2023-12-01,VOLKSWAGEN,CORD_TUC_STAFE,Custodia/Coleta,110430.99842509477
2023-12-01,VOLKSWAGEN,Rosario,Custodia/Coleta,103738.21063731989
2023-12-01,VOLKSWAGEN,TIERRA DEL FUEGO,Custodia/Coleta,200783.6335001723
2024-02-01,CHEVROLET,CABA,Custodia/Coleta,178056.38137691104
2024-02-01,CHEVROLET,CORD_TUC_STAFE,Custodia/Coleta,167881.73101251613
2024-02-01,CHEVROLET,Rosario,Custodia/Coleta,157707.08066593952
2024-02-01,CHEVROLET,TIERRA DEL FUEGO,Custodia/Coleta,305239.51093184744
2024-02-01,FIAT,CABA,Custodia/Coleta,143231.07238987045
2024-02-01,FIAT,CORD_TUC_STAFE,Custodia/Coleta,135046.43968187785
2024-02-01,FIAT,Rosario,Custodia/Coleta,126861.80698821857
2024-02-01,FIAT,TIERRA DEL FUEGO,Custodia/Coleta,245538.98123977793
2024-02-01,FORD,CABA,Custodia/Coleta,76674.74412136782
2024-02-01,FORD,CORD_TUC_STAFE,Custodia/Coleta,72293.33017157538
2024-02-01,FORD,Rosario,Custodia/Coleta,67911.91622945586
2024-02-01,FORD,TIERRA DEL FUEGO,Custodia/Coleta,131442.4184937734
2024-02-01,PEUGEOT,CABA,Custodia/Coleta,119812.76994910058
2024-02-01,PEUGEOT,CORD_TUC_STAFE,Custodia/Coleta,112966.32595200914
2024-02-01,PEUGEOT,Rosario,Custodia/Coleta,106119.88196690746
2024-02-01,PEUGEOT,TIERRA DEL FUEGO,Custodia/Coleta,205393.31991274384
2024-02-01,RENAULT,CABA,Custodia/Coleta,171562.94921256386
2024-02-01,RENAULT,CORD_TUC_STAFE,Custodia/Coleta,161759.35211470307
2024-02-01,RENAULT,Rosario,Custodia/Coleta,151955.7550340108
2024-02-01,RENAULT,TIERRA DEL FUEGO,Custodia/Coleta,294107.9129358238
2024-02-01,TOYOTA,CABA,Custodia/Coleta,229331.66561275694
2024-02-01,TOYOTA,CORD_TUC_STAFE,Custodia/Coleta,216226.99900631374
2024-02-01,TOYOTA,Rosario,Custodia/Coleta,203122.33242281992
2024-02-01,TOYOTA,TIERRA DEL FUEGO,Custodia/Coleta,393139.9981932976
2024-02-01,VOLKSWAGEN,CABA,Custodia/Coleta,90039.57098566741
2024-02-01,VOLKSWAGEN,CORD_TUC_STAFE,Custodia/Coleta,84894.45264362928
2024-02-01,VOLKSWAGEN,Rosario,Custodia/Coleta,79749.33431060151
2024-02-01,VOLKSWAGEN,TIERRA DEL FUEGO,Custodia/Coleta,154353.55026114415
2024-03-01,CHEVROLET,CABA,Custodia/Coleta,168416.9944064431
2024-03-01,CHEVROLET,CORD_TUC_STAFE,Custodia/Coleta,158793.16615464634
2024-03-01,CHEVROLET,Rosario,Custodia/Coleta,149169.3378738313
2024-03-01,CHEVROLET,TIERRA DEL FUEGO,Custodia/Coleta,288714.8475539025
2024-03-01,FIAT,CABA,Custodia/Coleta,135477.01312906545
2024-03-01,FIAT,CORD_TUC_STAFE,Custodia/Coleta,127735.46952169026
2024-03-01,FIAT,Rosario,Custodia/Coleta,119993.92589097236
2024-03-01,FIAT,TIERRA DEL FUEGO,Custodia/Coleta,232246.30822125502
2024-03-01,FORD,CABA,Custodia/Coleta,71398.60129860627
2024-03-01,FORD,CORD_TUC_STAFE,Custodia/Coleta,67318.6812244002
2024-03-01,FORD,Rosario,Custodia/Coleta,63238.76113789213
2024-03-01,FORD,TIERRA DEL FUEGO,Custodia/Coleta,122397.60222618218
2024-03-01,PEUGEOT,CABA,Custodia/Coleta,113326.5005741306
2024-03-01,PEUGEOT,CORD_TUC_STAFE,Custodia/Coleta,106850.70054132315
2024-03-01,PEUGEOT,Rosario,Custodia/Coleta,100374.90048898949
2024-03-01,PEUGEOT,TIERRA DEL FUEGO,Custodia/Coleta,194274.0009842239
2024-03-01,RENAULT,CABA,Custodia/Coleta,162275.09530659267
2024-03-01,RENAULT,CORD_TUC_STAFE,Custodia/Coleta,153002.23271764454
2024-03-01,RENAULT,Rosario,Custodia/Coleta,143729.37010073633
2024-03-01,RENAULT,TIERRA DEL FUEGO,Custodia/Coleta,278185.8776684446
2024-03-01,TOYOTA,CABA,Custodia/Coleta,216916.40336644705
2024-03-01,TOYOTA,CORD_TUC_STAFE,Custodia/Coleta,204521.1803169358
2024-03-01,TOYOTA,Rosario,Custodia/Coleta,192125.95723004977
2024-03-01,TOYOTA,TIERRA DEL FUEGO,Custodia/Coleta,371856.69148533774
2024-03-01,VOLKSWAGEN,CABA,Custodia/Coleta,85165.12469694647
2024-03-01,VOLKSWAGEN,CORD_TUC_STAFE,Custodia/Coleta,80298.54614283524
2024-03-01,VOLKSWAGEN,Rosario,Custodia/Coleta,75431.96757405002
2024-03-01,VOLKSWAGEN,TIERRA DEL FUEGO,Custodia/Coleta,145997.3566233368
2024-05-01,CHEVROLET,CABA,Custodia/Coleta,161287.01992617815
2024-05-01,CHEVROLET,CORD_TUC_STAFE,Custodia/Coleta,152070.6187875394
2024-05-01,CHEVROLET,Rosario,Custodia/Coleta,142854.21766289836
2024-05-01,CHEVROLET,TIERRA DEL FUEGO,Custodia/Coleta,276492.0341591625
2024-05-01,FIAT,CABA,Custodia/Coleta,125467.01713544827
2024-05-01,FIAT,CORD_TUC_STAFE,Custodia/Coleta,118297.47329913697
2024-05-01,FIAT,Rosario,Custodia/Coleta,111127.92947371464
2024-05-01,FIAT,TIERRA DEL FUEGO,Custodia/Coleta,215086.3150893399
2024-05-01,FORD,CABA,Custodia/Coleta,66292.25253910216
2024-05-01,FORD,CORD_TUC_STAFE,Custodia/Coleta,62504.12382258204
2024-05-01,FORD,Rosario,Custodia/Coleta,58715.99511181527
2024-05-01,FORD,TIERRA DEL FUEGO,Custodia/Coleta,113643.86149560369
2024-05-01,PEUGEOT,CABA,Custodia/Coleta,104953.14047032475
2024-05-01,PEUGEOT,CORD_TUC_STAFE,Custodia/Coleta,98955.81815773476
2024-05-01,PEUGEOT,Rosario,Custodia/Coleta,92958.49585425343
2024-05-01,PEUGEOT,TIERRA DEL FUEGO,Custodia/Coleta,179919.66937769955
2024-05-01,RENAULT,CABA,Custodia/Coleta,150768.45804524736
2024-05-01,RENAULT,CORD_TUC_STAFE,Custodia/Coleta,142153.11758551895
2024-05-01,RENAULT,Rosario,Custodia/Coleta,133537.77713887536
2024-05-01,RENAULT,TIERRA DEL FUEGO,Custodia/Coleta,258460.2137918526
2024-05-01,TOYOTA,CABA,Custodia/Coleta,200889.0915849317
2024-05-01,TOYOTA,CORD_TUC_STAFE,Custodia/Coleta,189409.71492293567
2024-05-01,TOYOTA,Rosario,Custodia/Coleta,177930.33827837426
2024-05-01,TOYOTA,TIERRA DEL FUEGO,Custodia/Coleta,344381.2998598831
2024-05-01,VOLKSWAGEN,CABA,Custodia/Coleta,78872.5254041042
2024-05-01,VOLKSWAGEN,CORD_TUC_STAFE,Custodia/Coleta,74365.52395244112
2024-05-01,VOLKSWAGEN,Rosario,Custodia/Coleta,69858.52250762319
2024-05-01,VOLKSWAGEN,TIERRA DEL FUEGO,Custodia/Coleta,135210.04354989293
2024-07-01,CHEVROLET,CABA,Custodia/Coleta,153191.21666470857
2024-07-01,CHEVROLET,CORD_TUC_STAFE,Custodia/Coleta,144437.43285529665
2024-07-01,CHEVROLET,Rosario,Custodia/Coleta,135683.64907759713
2024-07-01,CHEVROLET,TIERRA DEL FUEGO,Custodia/Coleta,262613.51428235753
2024-07-01,FIAT,CABA,Custodia/Coleta,116347.35713775762
2024-07-01,FIAT,CORD_TUC_STAFE,Custodia/Coleta,109698.93672988578
2024-07-01,FIAT,Rosario,Custodia/Coleta,103050.51634609916
2024-07-01,FIAT,TIERRA DEL FUEGO,Custodia/Coleta,199452.61223615595
2024-07-01,FORD,CABA,Custodia/Coleta,64043.15872814276
2024-07-01,FORD,CORD_TUC_STAFE,Custodia/Coleta,60383.54965796319
2024-07-01,FORD,Rosario,Custodia/Coleta,56723.940601041286
2024-07-01,FORD,TIERRA DEL FUEGO,Custodia/Coleta,109788.2721053876
2024-07-01,PEUGEOT,CABA,Custodia/Coleta,99365.06347985072
2024-07-01,PEUGEOT,CORD_TUC_STAFE,Custodia/Coleta,93687.05985243068
2024-07-01,PEUGEOT,Rosario,Custodia/Coleta,88009.05624558039
2024-07-01,PEUGEOT,TIERRA DEL FUEGO,Custodia/Coleta,170340.10882260124
2024-07-01,RENAULT,CABA,Custodia/Coleta,143540.79217054386
2024-07-01,RENAULT,CORD_TUC_STAFE,Custodia/Coleta,135338.46118936996
2024-07-01,RENAULT,Rosario,Custodia/Coleta,127136.13023791065
2024-07-01,RENAULT,TIERRA DEL FUEGO,Custodia/Coleta,246069.92943521807
2024-07-01,TOYOTA,CABA,Custodia/Coleta,190193.0447082745
2024-07-01,TOYOTA,CORD_TUC_STAFE,Custodia/Coleta,179324.8707249445
2024-07-01,TOYOTA,Rosario,Custodia/Coleta,168456.69678098673
2024-07-01,TOYOTA,TIERRA DEL FUEGO,Custodia/Coleta,326045.21949989913
2024-07-01,VOLKSWAGEN,CABA,Custodia/Coleta,74673.07274917509
2024-07-01,VOLKSWAGEN,CORD_TUC_STAFE,Custodia/Coleta,70406.0400206508
2024-07-01,VOLKSWAGEN,Rosario,Custodia/Coleta,66139.00730758473
2024-07-01,VOLKSWAGEN,TIERRA DEL FUEGO,Custodia/Coleta,128010.98185572877
2024-10-01,CHEVROLET,CABA,Custodia/Coleta,138783.48314544736
2024-10-01,CHEVROLET,CORD_TUC_STAFE,Custodia/Coleta,130852.99839427895
2024-10-01,CHEVROLET,Rosario,Custodia/Coleta,122922.51364316938
2024-10-01,CHEVROLET,TIERRA DEL FUEGO,Custodia/Coleta,237914.54253505263
2024-10-01,FIAT,CABA,Custodia/Coleta,105113.3195470221
2024-10-01,FIAT,CORD_TUC_STAFE,Custodia/Coleta,99106.84414433515
2024-10-01,FIAT,Rosario,Custodia/Coleta,93100.36874169271
2024-10-01,FIAT,TIERRA DEL FUEGO,Custodia/Coleta,180194.2620806093
2024-10-01,FORD,CABA,Custodia/Coleta,60313.734070857325
2024-10-01,FORD,CORD_TUC_STAFE,Custodia/Coleta,56867.23498109405
2024-10-01,FORD,Rosario,Custodia/Coleta,53420.73589135635
2024-10-01,FORD,TIERRA DEL FUEGO,Custodia/Coleta,103394.97269289827
2024-10-01,PEUGEOT,CABA,Custodia/Coleta,89770.76855300697
2024-10-01,PEUGEOT,CORD_TUC_STAFE,Custodia/Coleta,84641.01034997801
2024-10-01,PEUGEOT,Rosario,Custodia/Coleta,79511.2521469871
2024-10-01,PEUGEOT,TIERRA DEL FUEGO,Custodia/Coleta,153892.74609086913
2024-10-01,RENAULT,CABA,Custodia/Coleta,130305.35423152367
2024-10-01,RENAULT,CORD_TUC_STAFE,Custodia/Coleta,122859.33398972233
2024-10-01,RENAULT,Rosario,Custodia/Coleta,115413.31374797622
2024-10-01,RENAULT,TIERRA DEL FUEGO,Custodia/Coleta,223380.60725404057
2024-10-01,TOYOTA,CABA,Custodia/Coleta,171828.76152804392
2024-10-01,TOYOTA,CORD_TUC_STAFE,Custodia/Coleta,162009.9751550129
2024-10-01,TOYOTA,Rosario,Custodia/Coleta,152191.18878205464
2024-10-01,TOYOTA,TIERRA DEL FUEGO,Custodia/Coleta,294563.59119093255
2024-10-01,VOLKSWAGEN,CABA,Custodia/Coleta,66065.99379859529
2024-10-01,VOLKSWAGEN,CORD_TUC_STAFE,Custodia/Coleta,62290.79415296129
2024-10-01,VOLKSWAGEN,Rosario,Custodia/Coleta,58515.59450735528
2024-10-01,VOLKSWAGEN,TIERRA DEL FUEGO,Custodia/Coleta,113255.98936902052
2025-01-01,CHEVROLET,CABA,Custodia/Coleta,129074.23893683281
2025-01-01,CHEVROLET,CORD_TUC_STAFE,Custodia/Coleta,121698.56814044237
2025-01-01,CHEVROLET,Rosario,Custodia/Coleta,114322.89732284109
2025-01-01,CHEVROLET,TIERRA DEL FUEGO,Custodia/Coleta,221270.1238917134
2025-01-01,FIAT,CABA,Custodia/Coleta,97759.62827245882
2025-01-01,FIAT,CORD_TUC_STAFE,Custodia/Coleta,92173.3637997469
2025-01-01,FIAT,Rosario,Custodia/Coleta,86587.09931097006
2025-01-01,FIAT,TIERRA DEL FUEGO,Custodia/Coleta,167587.934181358
2025-01-01,FORD,CABA,Custodia/Coleta,56094.206213830774
2025-01-01,FORD,CORD_TUC_STAFE,Custodia/Coleta,52888.82300161187
2025-01-01,FORD,Rosario,Custodia/Coleta,49683.43978017498
2025-01-01,FORD,TIERRA DEL FUEGO,Custodia/Coleta,96161.49636656705
2025-01-01,PEUGEOT,CABA,Custodia/Coleta,83490.43680947591
2025-01-01,PEUGEOT,CORD_TUC_STAFE,Custodia/Coleta,78719.5547060773
2025-01-01,PEUGEOT,Rosario,Custodia/Coleta,73948.67258895865
2025-01-01,PEUGEOT,TIERRA DEL FUEGO,Custodia/Coleta,143126.4631019587
2025-01-01,RENAULT,CABA,Custodia/Coleta,121189.23697282959
2025-01-01,RENAULT,CORD_TUC_STAFE,Custodia/Coleta,114264.13771723935
2025-01-01,RENAULT,Rosario,Custodia/Coleta,107339.038441734
2025-01-01,RENAULT,TIERRA DEL FUEGO,Custodia/Coleta,207752.9776677079
2025-01-01,TOYOTA,CABA,Custodia/Coleta,159807.6811377273
2025-01-01,TOYOTA,CORD_TUC_STAFE,Custodia/Coleta,150675.81364414294
2025-01-01,TOYOTA,Rosario,Custodia/Coleta,141543.94612429722
2025-01-01,TOYOTA,TIERRA DEL FUEGO,Custodia/Coleta,273956.0248075326
2025-01-01,VOLKSWAGEN,CABA,Custodia/Coleta,61444.039851790796
2025-01-01,VOLKSWAGEN,CORD_TUC_STAFE,Custodia/Coleta,57932.9518602599
2025-01-01,VOLKSWAGEN,Rosario,Custodia/Coleta,54421.86385863186
2025-01-01,VOLKSWAGEN,TIERRA DEL FUEGO,Custodia/Coleta,105332.63974592708
2025-04-01,CHEVROLET,CABA,Custodia/Coleta,121774.45615743627
2025-04-01,CHEVROLET,CORD_TUC_STAFE,Custodia/Coleta,114815.91580558279
2025-04-01,CHEVROLET,Rosario,Custodia/Coleta,107857.37545372928
2025-04-01,CHEVROLET,TIERRA DEL FUEGO,Custodia/Coleta,208756.21055560504
2025-04-01,FIAT,CABA,Custodia/Coleta,94192.27380902425
2025-04-01,FIAT,CORD_TUC_STAFE,Custodia/Coleta,88809.8581627943
2025-04-01,FIAT,Rosario,Custodia/Coleta,83427.44251656436
2025-04-01,FIAT,TIERRA DEL FUEGO,Custodia/Coleta,161472.46938689874
2025-04-01,FORD,CABA,Custodia/Coleta,51993.26634140245
2025-04-01,FORD,CORD_TUC_STAFE,Custodia/Coleta,49022.22255046517
2025-04-01,FORD,Rosario,Custodia/Coleta,46051.17875952789
2025-04-01,FORD,TIERRA DEL FUEGO,Custodia/Coleta,89131.31372811849
2025-04-01,PEUGEOT,CABA,Custodia/Coleta,78768.6421439705
2025-04-01,PEUGEOT,CORD_TUC_STAFE,Custodia/Coleta,74267.57687860078
2025-04-01,PEUGEOT,Rosario,Custodia/Coleta,69766.51161323104
2025-04-01,PEUGEOT,TIERRA DEL FUEGO,Custodia/Coleta,135031.95796109232
2025-04-01,RENAULT,CABA,Custodia/Coleta,114335.38981952271
2025-04-01,RENAULT,CORD_TUC_STAFE,Custodia/Coleta,107801.93897269285
2025-04-01,RENAULT,Rosario,Custodia/Coleta,101268.48812586299
2025-04-01,RENAULT,TIERRA DEL FUEGO,Custodia/Coleta,196003.52540489606
2025-04-01,TOYOTA,CABA,Custodia/Coleta,150769.77110708697
2025-04-01,TOYOTA,CORD_TUC_STAFE,Custodia/Coleta,142154.35561525344
2025-04-01,TOYOTA,Rosario,Custodia/Coleta,133538.94012341992
2025-04-01,TOYOTA,TIERRA DEL FUEGO,Custodia/Coleta,258462.46475500622
2025-04-01,VOLKSWAGEN,CABA,Custodia/Coleta,57969.077320916134
2025-04-01,VOLKSWAGEN,CORD_TUC_STAFE,Custodia/Coleta,54656.5586168638
2025-04-01,VOLKSWAGEN,Rosario,Custodia/Coleta,51344.039912811444
2025-04-01,VOLKSWAGEN,TIERRA DEL FUEGO,Custodia/Coleta,99375.56112157053
2023-12-01,CHEVROLET,CABA,Luneta,253912.89007499078
2023-12-01,CHEVROLET,CORD_TUC_STAFE,Luneta,239403.5820707056
2023-12-01,CHEVROLET,Rosario,Luneta,224894.27405680408
2023-12-01,CHEVROLET,TIERRA DEL FUEGO,Luneta,435279.2401285557
2023-12-01,FIAT,CABA,Luneta,252222.02082100994
2023-12-01,FIAT,CORD_TUC_STAFE,Luneta,237809.33391695225
2023-12-01,FIAT,Rosario,Luneta,223396.64700334222
2023-12-01,FIAT,TIERRA DEL FUEGO,Luneta,432380.60712173133
2023-12-01,FORD,CABA,Luneta,259860.68830011142
2023-12-01,FORD,CORD_TUC_STAFE,Luneta,245011.5061115336
2023-12-01,FORD,Rosario,Luneta,230162.32391311423
2023-12-01,FORD,TIERRA DEL FUEGO,Luneta,445475.46565733384
2023-12-01,PEUGEOT,CABA,Luneta,280571.99885703926
2023-12-01,PEUGEOT,CORD_TUC_STAFE,Luneta,264539.31320806564
2023-12-01,PEUGEOT,Rosario,Luneta,248506.6275484659
2023-12-01,PEUGEOT,TIERRA DEL FUEGO,Luneta,480980.5694692102
2023-12-01,RENAULT,CABA,Luneta,229647.57084919277
2023-12-01,RENAULT,CORD_TUC_STAFE,Luneta,216524.85251495318
2023-12-01,RENAULT,Rosario,Luneta,203402.13417201623
2023-12-01,RENAULT,TIERRA DEL FUEGO,Luneta,393681.55002718756
2023-12-01,TOYOTA,CABA,Luneta,421401.47304422443
2023-12-01,TOYOTA,CORD_TUC_STAFE,Luneta,397321.38887026877
2023-12-01,TOYOTA,Rosario,Luneta,373241.3046803535
2023-12-01,TOYOTA,TIERRA DEL FUEGO,Luneta,722402.5252186704
2023-12-01,VOLKSWAGEN,CABA,Luneta,298416.44851488265
2023-12-01,VOLKSWAGEN,CORD_TUC_STAFE,Luneta,281364.080028318
2023-12-01,VOLKSWAGEN,Rosario,Luneta,264311.71153045143
2023-12-01,VOLKSWAGEN,TIERRA DEL FUEGO,Luneta,511571.05459694174
2024-02-01,CHEVROLET,CABA,Luneta,197058.13084236294
2024-02-01,CHEVROLET,CORD_TUC_STAFE,Luneta,185797.66622279937
2024-02-01,CHEVROLET,Rosario,Luneta,174537.2016229556
2024-02-01,CHEVROLET,TIERRA DEL FUEGO,Luneta,337813.9385869079
2024-02-01,FIAT,CABA,Luneta,196172.90387818817
2024-02-01,FIAT,CORD_TUC_STAFE,Luneta,184963.0236565774
2024-02-01,FIAT,Rosario,Luneta,173753.14345459788
2024-02-01,FIAT,TIERRA DEL FUEGO,Luneta,336296.40664832253
2024-02-01,FORD,CABA,Luneta,203871.300198108
2024-02-01,FORD,CORD_TUC_STAFE,Luneta,192221.51161535902
2024-02-01,FORD,Rosario,Luneta,180571.72305301158
2024-02-01,FORD,TIERRA DEL FUEGO,Luneta,349493.6574824709
2024-02-01,PEUGEOT,CABA,Luneta,222545.5147266344
2024-02-01,PEUGEOT,CORD_TUC_STAFE,Luneta,209828.62817082673
2024-02-01,PEUGEOT,Rosario,Luneta,197111.74163728947
2024-02-01,PEUGEOT,TIERRA DEL FUEGO,Luneta,381506.5966742305
2024-02-01,RENAULT,CABA,Luneta,180686.48482062237
2024-02-01,RENAULT,CORD_TUC_STAFE,Luneta,170361.54283087252
2024-02-01,RENAULT,Rosario,Luneta,160036.60085920416
2024-02-01,RENAULT,TIERRA DEL FUEGO,Luneta,309748.25969249546
2024-02-01,TOYOTA,CABA,Luneta,331444.39635305986
2024-02-01,TOYOTA,CORD_TUC_STAFE,Luneta,312504.7165614565
2024-02-01,TOYOTA,Rosario,Luneta,293565.03680302104
2024-02-01,TOYOTA,TIERRA DEL FUEGO,Luneta,568190.3937481026
2024-02-01,VOLKSWAGEN,CABA,Luneta,231637.03553673296
2024-02-01,VOLKSWAGEN,CORD_TUC_STAFE,Luneta,218400.63350606256
2024-02-01,VOLKSWAGEN,Rosario,Luneta,205164.23149857228
2024-02-01,VOLKSWAGEN,TIERRA DEL FUEGO,Luneta,397092.0609201137
2024-03-01,CHEVROLET,CABA,Luneta,188804.32504939084
2024-03-01,CHEVROLET,CORD_TUC_STAFE,Luneta,178015.50647513996
2024-03-01,CHEVROLET,Rosario,Luneta,167226.68786835796
2024-03-01,CHEVROLET,TIERRA DEL FUEGO,Luneta,323664.5572275272
2024-03-01,FIAT,CABA,Luneta,188504.88351527078
2024-03-01,FIAT,CORD_TUC_STAFE,Luneta,177733.17588582673
2024-03-01,FIAT,Rosario,Luneta,166961.46822390324
2024-03-01,FIAT,TIERRA DEL FUEGO,Luneta,323151.22888332134
2024-03-01,FORD,CABA,Luneta,198972.80151976444
2024-03-01,FORD,CORD_TUC_STAFE,Luneta,187602.9271472065
2024-03-01,FORD,Rosario,Luneta,176233.0527403654
2024-03-01,FORD,TIERRA DEL FUEGO,Luneta,341096.2311767391
2024-03-01,PEUGEOT,CABA,Luneta,218448.72182134617
2024-03-01,PEUGEOT,CORD_TUC_STAFE,Luneta,205965.9377172693
2024-03-01,PEUGEOT,Rosario,Luneta,193483.15357555353
2024-03-01,PEUGEOT,TIERRA DEL FUEGO,Luneta,374483.5231223077
2024-03-01,RENAULT,CABA,Luneta,174614.20200326268
2024-03-01,RENAULT,CORD_TUC_STAFE,Luneta,164636.24760307628
2024-03-01,RENAULT,Rosario,Luneta,154658.2931728037
2024-03-01,RENAULT,TIERRA DEL FUEGO,Luneta,299338.63200559316
2024-03-01,TOYOTA,CABA,Luneta,316461.9925271634
2024-03-01,TOYOTA,CORD_TUC_STAFE,Luneta,298378.4500970398
2024-03-01,TOYOTA,Rosario,Luneta,280294.9076123896
2024-03-01,TOYOTA,TIERRA DEL FUEGO,Luneta,542506.2729037086
2024-03-01,VOLKSWAGEN,CABA,Luneta,220042.492157497
2024-03-01,VOLKSWAGEN,CORD_TUC_STAFE,Luneta,207468.6354627829
2024-03-01,VOLKSWAGEN,Rosario,Luneta,194894.77873015538
2024-03-01,VOLKSWAGEN,TIERRA DEL FUEGO,Luneta,377215.7008414234
2024-05-01,CHEVROLET,CABA,Luneta,175923.0312704317
2024-05-01,CHEVROLET,CORD_TUC_STAFE,Luneta,165870.28662640703
2024-05-01,CHEVROLET,Rosario,Luneta,155817.54199765032
2024-05-01,CHEVROLET,TIERRA DEL FUEGO,Luneta,301582.33932074
2024-05-01,FIAT,CABA,Luneta,176210.0354233958
2024-05-01,FIAT,CORD_TUC_STAFE,Luneta,166140.8905420589
2024-05-01,FIAT,Rosario,Luneta,156071.74567601492
2024-05-01,FIAT,TIERRA DEL FUEGO,Luneta,302074.34644010715
2024-05-01,FORD,CABA,Luneta,189869.30842247803
2024-05-01,FORD,CORD_TUC_STAFE,Luneta,179019.6336554793
2024-05-01,FORD,Rosario,Luneta,168169.95890495888
2024-05-01,FORD,TIERRA DEL FUEGO,Luneta,325490.2430099624
2024-05-01,PEUGEOT,CABA,Luneta,204772.5647244491
2024-05-01,PEUGEOT,CORD_TUC_STAFE,Luneta,193071.27531162347
2024-05-01,PEUGEOT,Rosario,Luneta,181369.9859165695
2024-05-01,PEUGEOT,TIERRA DEL FUEGO,Luneta,351038.6823847699
2024-05-01,RENAULT,CABA,Luneta,164215.42102739037
2024-05-01,RENAULT,CORD_TUC_STAFE,Luneta,154831.6826829681
2024-05-01,RENAULT,Rosario,Luneta,145447.94435279767
2024-05-01,RENAULT,TIERRA DEL FUEGO,Luneta,281512.15033266926
2024-05-01,TOYOTA,CABA,Luneta,296157.0958613737
2024-05-01,TOYOTA,CORD_TUC_STAFE,Luneta,279233.8332407238
2024-05-01,TOYOTA,Rosario,Luneta,262310.5706457767
2024-05-01,TOYOTA,TIERRA DEL FUEGO,Luneta,507697.8786194978
2024-05-01,VOLKSWAGEN,CABA,Luneta,204586.88043130474
2024-05-01,VOLKSWAGEN,CORD_TUC_STAFE,Luneta,192896.20154951594
2024-05-01,VOLKSWAGEN,Rosario,Luneta,181205.52268548272
2024-05-01,VOLKSWAGEN,TIERRA DEL FUEGO,Luneta,350720.36645366525
2024-07-01,CHEVROLET,CABA,Luneta,168324.75190853956
2024-07-01,CHEVROLET,CORD_TUC_STAFE,Luneta,158706.194656623
2024-07-01,CHEVROLET,Rosario,Luneta,149087.6374395517
2024-07-01,CHEVROLET,TIERRA DEL FUEGO,Luneta,288556.7175574964
2024-07-01,FIAT,CABA,Luneta,168293.9721631035
2024-07-01,FIAT,CORD_TUC_STAFE,Luneta,158677.17375378334
2024-07-01,FIAT,Rosario,Luneta,149060.37537930193
2024-07-01,FIAT,TIERRA DEL FUEGO,Luneta,288503.95227960596
2024-07-01,FORD,CABA,Luneta,183004.23456651098
2024-07-01,FORD,CORD_TUC_STAFE,Luneta,172546.84973413893
2024-07-01,FORD,Rosario,Luneta,162089.4649396509
2024-07-01,FORD,TIERRA DEL FUEGO,Luneta,313721.54497116164
2024-07-01,PEUGEOT,CABA,Luneta,197947.11708226308
2024-07-01,PEUGEOT,CORD_TUC_STAFE,Luneta,186635.8532489909
2024-07-01,PEUGEOT,Rosario,Luneta,175324.5894566961
2024-07-01,PEUGEOT,TIERRA DEL FUEGO,Luneta,339337.9149981653
2024-07-01,RENAULT,CABA,Luneta,159613.199476418
2024-07-01,RENAULT,CORD_TUC_STAFE,Luneta,150492.44522062273
2024-07-01,RENAULT,Rosario,Luneta,141371.6909978692
2024-07-01,RENAULT,TIERRA DEL FUEGO,Luneta,273622.6276738594
2024-07-01,TOYOTA,CABA,Luneta,285480.5197382282
2024-07-01,TOYOTA,CORD_TUC_STAFE,Luneta,269167.347181758
2024-07-01,TOYOTA,Rosario,Luneta,252854.17468438562
2024-07-01,TOYOTA,TIERRA DEL FUEGO,Luneta,489395.17669410544
2024-07-01,VOLKSWAGEN,CABA,Luneta,195022.00087272882
2024-07-01,VOLKSWAGEN,CORD_TUC_STAFE,Luneta,183877.88653714437
2024-07-01,VOLKSWAGEN,Rosario,Luneta,172733.77224193173
2024-07-01,VOLKSWAGEN,TIERRA DEL FUEGO,Luneta,334323.4300675352
2024-10-01,CHEVROLET,CABA,Luneta,153126.52681522482
2024-10-01,CHEVROLET,CORD_TUC_STAFE,Luneta,144376.43956864055
2024-10-01,CHEVROLET,Rosario,Luneta,135626.3523221212
2024-10-01,CHEVROLET,TIERRA DEL FUEGO,Luneta,262502.61739752826
2024-10-01,FIAT,CABA,Luneta,153436.13779499824
2024-10-01,FIAT,CORD_TUC_STAFE,Luneta,144668.35849242695
2024-10-01,FIAT,Rosario,Luneta,135900.57918992065
2024-10-01,FIAT,TIERRA DEL FUEGO,Luneta,263033.37907713983
2024-10-01,FORD,CABA,Luneta,167065.5985033509
2024-10-01,FORD,CORD_TUC_STAFE,Luneta,157518.99287458797
2024-10-01,FORD,Rosario,Luneta,147972.3872458959
2024-10-01,FORD,TIERRA DEL FUEGO,Luneta,286398.16886288725
2024-10-01,PEUGEOT,CABA,Luneta,182016.82637710808
2024-10-01,PEUGEOT,CORD_TUC_STAFE,Luneta,171615.86486984475
2024-10-01,PEUGEOT,Rosario,Luneta,161214.90336265863
2024-10-01,PEUGEOT,TIERRA DEL FUEGO,Luneta,312028.8452178996
2024-10-01,RENAULT,CABA,Luneta,147824.5423422058
2024-10-01,RENAULT,CORD_TUC_STAFE,Luneta,139377.4256369369
2024-10-01,RENAULT,Rosario,Luneta,130930.30893173069
2024-10-01,RENAULT,TIERRA DEL FUEGO,Luneta,253413.50115806708
2024-10-01,TOYOTA,CABA,Luneta,260155.3462321715
2024-10-01,TOYOTA,CORD_TUC_STAFE,Luneta,245289.32644747602
2024-10-01,TOYOTA,Rosario,Luneta,230423.3066628908
2024-10-01,TOYOTA,TIERRA DEL FUEGO,Luneta,445980.5935408654
2024-10-01,VOLKSWAGEN,CABA,Luneta,177228.0968790941
2024-10-01,VOLKSWAGEN,CORD_TUC_STAFE,Luneta,167100.7770574316
2024-10-01,VOLKSWAGEN,Rosario,Luneta,156973.45723584425
2024-10-01,VOLKSWAGEN,TIERRA DEL FUEGO,Luneta,303819.5946498756
2025-01-01,CHEVROLET,CABA,Luneta,142413.848260329
2025-01-01,CHEVROLET,CORD_TUC_STAFE,Luneta,134275.91407402448
2025-01-01,CHEVROLET,Rosario,Luneta,126137.97986431704
2025-01-01,CHEVROLET,TIERRA DEL FUEGO,Luneta,244138.0255891354
2025-01-01,FIAT,CABA,Luneta,142701.7989636476
2025-01-01,FIAT,CORD_TUC_STAFE,Luneta,134547.41045143918
2025-01-01,FIAT,Rosario,Luneta,126393.02191578048
2025-01-01,FIAT,TIERRA DEL FUEGO,Luneta,244631.65536625305
2025-01-01,FORD,CABA,Luneta,155377.74734149888
2025-01-01,FORD,CORD_TUC_STAFE,Luneta,146499.01892198465
2025-01-01,FORD,Rosario,Luneta,137620.29047693714
2025-01-01,FORD,TIERRA DEL FUEGO,Luneta,266361.85258542665
2025-01-01,PEUGEOT,CABA,Luneta,170033.00145504027
2025-01-01,PEUGEOT,CORD_TUC_STAFE,Luneta,160316.8299433237
2025-01-01,PEUGEOT,Rosario,Luneta,150600.65840366553
2025-01-01,PEUGEOT,TIERRA DEL FUEGO,Luneta,291485.14535149763
2025-01-01,RENAULT,CABA,Luneta,137496.49074988093
2025-01-01,RENAULT,CORD_TUC_STAFE,Luneta,129639.54842131631
2025-01-01,RENAULT,Rosario,Luneta,121782.6060701568
2025-01-01,RENAULT,TIERRA DEL FUEGO,Luneta,235708.2698569387
2025-01-01,TOYOTA,CABA,Luneta,241954.96869806948
2025-01-01,TOYOTA,CORD_TUC_STAFE,Luneta,228128.97048675126
2025-01-01,TOYOTA,Rosario,Luneta,214302.9722356724
2025-01-01,TOYOTA,TIERRA DEL FUEGO,Luneta,414779.9463395477
2025-01-01,VOLKSWAGEN,CABA,Luneta,164875.8327820962
2025-01-01,VOLKSWAGEN,CORD_TUC_STAFE,Luneta,155454.3566231193
2025-01-01,VOLKSWAGEN,Rosario,Luneta,146032.88043704824
2025-01-01,VOLKSWAGEN,TIERRA DEL FUEGO,Luneta,282644.2847693078
2025-04-01,CHEVROLET,CABA,Luneta,136744.24429416447
2025-04-01,CHEVROLET,CORD_TUC_STAFE,Luneta,128930.28747735507
2025-04-01,CHEVROLET,Rosario,Luneta,121116.33066054566
2025-04-01,CHEVROLET,TIERRA DEL FUEGO,Luneta,234418.70450428192
2025-04-01,FIAT,CABA,Luneta,134631.31066757848
2025-04-01,FIAT,CORD_TUC_STAFE,Luneta,126938.09291514542
2025-04-01,FIAT,Rosario,Luneta,119244.87516271237
2025-04-01,FIAT,TIERRA DEL FUEGO,Luneta,230796.53257299168
2025-04-01,FORD,CABA,Luneta,153086.5782173092
2025-04-01,FORD,CORD_TUC_STAFE,Luneta,144338.7737477487
2025-04-01,FORD,Rosario,Luneta,135590.96927818813
2025-04-01,FORD,TIERRA DEL FUEGO,Luneta,262434.13408681576
2025-04-01,PEUGEOT,CABA,Luneta,160416.79928972645
2025-04-01,PEUGEOT,CORD_TUC_STAFE,Luneta,151250.12504459923
2025-04-01,PEUGEOT,Rosario,Luneta,142083.45079947202
2025-04-01,PEUGEOT,TIERRA DEL FUEGO,Luneta,275000.2273538168
2025-04-01,RENAULT,CABA,Luneta,129720.38822415052
2025-04-01,RENAULT,CORD_TUC_STAFE,Luneta,122307.79461134195
2025-04-01,RENAULT,Rosario,Luneta,114895.20099853333
2025-04-01,RENAULT,TIERRA DEL FUEGO,Luneta,222377.80838425807
2025-04-01,TOYOTA,CABA,Luneta,228271.22569528522
2025-04-01,TOYOTA,CORD_TUC_STAFE,Luneta,215227.15565555467
2025-04-01,TOYOTA,Rosario,Luneta,202183.08561582403
2025-04-01,TOYOTA,TIERRA DEL FUEGO,Luneta,391322.1011919175
2025-04-01,VOLKSWAGEN,CABA,Luneta,155551.2938907395
2025-04-01,VOLKSWAGEN,CORD_TUC_STAFE,Luneta,146662.64852555442
2025-04-01,VOLKSWAGEN,Rosario,Luneta,137774.0031603693
2025-04-01,VOLKSWAGEN,TIERRA DEL FUEGO,Luneta,266659.3609555535
2023-12-01,CHEVROLET,CABA,Parabrisas,374785.60506329586
2023-12-01,CHEVROLET,CORD_TUC_STAFE,Parabrisas,353369.2847739647
2023-12-01,CHEVROLET,Rosario,Parabrisas,331952.9644704394
2023-12-01,CHEVROLET,TIERRA DEL FUEGO,Parabrisas,642489.6086799358
2023-12-01,FIAT,CABA,Parabrisas,391251.5492972286
2023-12-01,FIAT,CORD_TUC_STAFE,Parabrisas,368894.3179088155
2023-12-01,FIAT,Rosario,Parabrisas,346537.0865055847
2023-12-01,FIAT,TIERRA DEL FUEGO,Parabrisas,670716.9416523918
2023-12-01,FORD,CABA,Parabrisas,450689.7984067813
2023-12-01,FORD,CORD_TUC_STAFE,Parabrisas,424936.09564067953
2023-12-01,FORD,Rosario,Parabrisas,399182.3928575089
2023-12-01,FORD,TIERRA DEL FUEGO,Parabrisas,772611.0829830538
2023-12-01,PEUGEOT,CABA,Parabrisas,478497.36967948556
2023-12-01,PEUGEOT,CORD_TUC_STAFE,Parabrisas,451154.6628406579
2023-12-01,PEUGEOT,Rosario,Parabrisas,423811.9559837082
2023-12-01,PEUGEOT,TIERRA DEL FUEGO,Parabrisas,820281.2051648325
2023-12-01,RENAULT,CABA,Parabrisas,353667.6050498547
2023-12-01,RENAULT,CORD_TUC_STAFE,Parabrisas,333458.02761843445
2023-12-01,RENAULT,Rosario,Parabrisas,313248.4501736199
2023-12-01,RENAULT,TIERRA DEL FUEGO,Parabrisas,606287.3229426082
2023-12-01,TOYOTA,CABA,Parabrisas,492216.9045764404
2023-12-01,TOYOTA,CORD_TUC_STAFE,Parabrisas,464090.22431492957
2023-12-01,TOYOTA,Rosario,Parabrisas,435963.54403477703
2023-12-01,TOYOTA,TIERRA DEL FUEGO,Parabrisas,843800.4078453264
2023-12-01,VOLKSWAGEN,CABA,Parabrisas,417559.3261161415
2023-12-01,VOLKSWAGEN,CORD_TUC_STAFE,Parabrisas,393698.7931952192
2023-12-01,VOLKSWAGEN,Rosario,Parabrisas,369838.2602584827
2023-12-01,VOLKSWAGEN,TIERRA DEL FUEGO,Parabrisas,715815.9876276711
2024-02-01,CHEVROLET,CABA,Parabrisas,294184.1897814242
2024-02-01,CHEVROLET,CORD_TUC_STAFE,Parabrisas,277373.6646510571
2024-02-01,CHEVROLET,Rosario,Parabrisas,260563.13955012933
2024-02-01,CHEVROLET,TIERRA DEL FUEGO,Parabrisas,504315.7539110129
2024-02-01,FIAT,CABA,Parabrisas,310060.67728662066
2024-02-01,FIAT,CORD_TUC_STAFE,Parabrisas,292342.9242988138
2024-02-01,FIAT,Rosario,Parabrisas,274625.171342035
2024-02-01,FIAT,TIERRA DEL FUEGO,Parabrisas,531532.5896342068
2024-02-01,FORD,CABA,Parabrisas,355873.9733609892
2024-02-01,FORD,CORD_TUC_STAFE,Parabrisas,335538.3177403613
2024-02-01,FORD,Rosario,Parabrisas,315202.662155346
2024-02-01,FORD,TIERRA DEL FUEGO,Parabrisas,610069.6686188387
2024-02-01,PEUGEOT,CABA,Parabrisas,379917.9922142832
2024-02-01,PEUGEOT,CORD_TUC_STAFE,Parabrisas,358208.3926591813
2024-02-01,PEUGEOT,Rosario,Parabrisas,336498.79314209823
2024-02-01,PEUGEOT,TIERRA DEL FUEGO,Parabrisas,651287.9866530568
2024-02-01,RENAULT,CABA,Parabrisas,281829.83744509413
2024-02-01,RENAULT,CORD_TUC_STAFE,Parabrisas,265725.27530537447
2024-02-01,RENAULT,Rosario,Parabrisas,249620.7131938578
2024-02-01,RENAULT,TIERRA DEL FUEGO,Parabrisas,483136.86419158994
2024-02-01,TOYOTA,CABA,Parabrisas,388897.61724072276
2024-02-01,TOYOTA,CORD_TUC_STAFE,Parabrisas,366674.8962555387
2024-02-01,TOYOTA,Rosario,Parabrisas,344452.17530927184
2024-02-01,TOYOTA,TIERRA DEL FUEGO,Parabrisas,666681.6295555248
2024-02-01,VOLKSWAGEN,CABA,Parabrisas,323997.5544904903
2024-02-01,VOLKSWAGEN,CORD_TUC_STAFE,Parabrisas,305483.4085196052
2024-02-01,VOLKSWAGEN,Rosario,Parabrisas,286969.2625811428
2024-02-01,VOLKSWAGEN,TIERRA DEL FUEGO,Parabrisas,555424.3791265548
2024-03-01,CHEVROLET,CABA,Parabrisas,282653.0720621262
2024-03-01,CHEVROLET,CORD_TUC_STAFE,Parabrisas,266501.46794429043
2024-03-01,CHEVROLET,Rosario,Parabrisas,250349.86377775337
2024-03-01,CHEVROLET,TIERRA DEL FUEGO,Parabrisas,484548.1235350735
2024-03-01,FIAT,CABA,Parabrisas,290392.910148604
2024-03-01,FIAT,CORD_TUC_STAFE,Parabrisas,273799.0295686838
2024-03-01,FIAT,Rosario,Parabrisas,257205.1489387288
2024-03-01,FIAT,TIERRA DEL FUEGO,Parabrisas,497816.417397607
2024-03-01,FORD,CABA,Parabrisas,338623.21986491134
2024-03-01,FORD,CORD_TUC_STAFE,Parabrisas,319273.3215869164
2024-03-01,FORD,Rosario,Parabrisas,299923.42325057654
2024-03-01,FORD,TIERRA DEL FUEGO,Parabrisas,580496.948339848
2024-03-01,PEUGEOT,CABA,Parabrisas,358815.03792439157
2024-03-01,PEUGEOT,CORD_TUC_STAFE,Parabrisas,338311.32147156924
2024-03-01,PEUGEOT,Rosario,Parabrisas,317807.6049569229
2024-03-01,PEUGEOT,TIERRA DEL FUEGO,Parabrisas,615111.4935846713
2024-03-01,RENAULT,CABA,Parabrisas,269100.3232704344
2024-03-01,RENAULT,CORD_TUC_STAFE,Parabrisas,253723.1619406953
2024-03-01,RENAULT,Rosario,Parabrisas,238346.00056459007
2024-03-01,RENAULT,TIERRA DEL FUEGO,Parabrisas,461314.83989217324
2024-03-01,TOYOTA,CABA,Parabrisas,370265.066414923
2024-03-01,TOYOTA,CORD_TUC_STAFE,Parabrisas,349107.06261978456
2024-03-01,TOYOTA,Rosario,Parabrisas,327949.05876084924
2024-03-01,TOYOTA,TIERRA DEL FUEGO,Parabrisas,634740.1138541538
2024-03-01,VOLKSWAGEN,CABA,Parabrisas,304241.92684393673
2024-03-01,VOLKSWAGEN,CORD_TUC_STAFE,Parabrisas,286856.6738814261
2024-03-01,VOLKSWAGEN,Rosario,Parabrisas,269471.4208664944
2024-03-01,VOLKSWAGEN,TIERRA DEL FUEGO,Parabrisas,521557.58887532016
2024-05-01,CHEVROLET,CABA,Parabrisas,257545.50747835284
2024-05-01,CHEVROLET,CORD_TUC_STAFE,Parabrisas,242828.6213367327
2024-05-01,CHEVROLET,Rosario,Parabrisas,228111.73521746433
2024-05-01,CHEVROLET,TIERRA DEL FUEGO,Parabrisas,441506.5842486049
2024-05-01,FIAT,CABA,Parabrisas,265719.2240520196
2024-05-01,FIAT,CORD_TUC_STAFE,Parabrisas,250535.26839190425
2024-05-01,FIAT,Rosario,Parabrisas,235351.31275484996
2024-05-01,FIAT,TIERRA DEL FUEGO,Parabrisas,455518.6698034621
2024-05-01,FORD,CABA,Parabrisas,307265.4169738105
2024-05-01,FORD,CORD_TUC_STAFE,Parabrisas,289707.3931467356
2024-05-01,FORD,Rosario,Parabrisas,272149.3693463276
2024-05-01,FORD,TIERRA DEL FUEGO,Parabrisas,526740.7148122466
2024-05-01,PEUGEOT,CABA,Parabrisas,323263.4655225888
2024-05-01,PEUGEOT,CORD_TUC_STAFE,Parabrisas,304791.2674927266
2024-05-01,PEUGEOT,Rosario,Parabrisas,286319.0694909197
2024-05-01,PEUGEOT,TIERRA DEL FUEGO,Parabrisas,554165.9408958665
2024-05-01,RENAULT,CABA,Parabrisas,248019.77917371923
2024-05-01,RENAULT,CORD_TUC_STAFE,Parabrisas,233847.22036379247
2024-05-01,RENAULT,Rosario,Parabrisas,219674.66157539072
2024-05-01,RENAULT,TIERRA DEL FUEGO,Parabrisas,425176.76429780445
2024-05-01,TOYOTA,CABA,Parabrisas,331408.3628345971
2024-05-01,TOYOTA,CORD_TUC_STAFE,Parabrisas,312470.7421011916
2024-05-01,TOYOTA,Rosario,Parabrisas,293533.12139654823
2024-05-01,TOYOTA,TIERRA DEL FUEGO,Parabrisas,568128.6220021666
2024-05-01,VOLKSWAGEN,CABA,Parabrisas,271962.7278485264
2024-05-01,VOLKSWAGEN,CORD_TUC_STAFE,Parabrisas,256422.00054289633
2024-05-01,VOLKSWAGEN,Rosario,Parabrisas,240881.27326086926
2024-05-01,VOLKSWAGEN,TIERRA DEL FUEGO,Parabrisas,466221.81916890235
2024-07-01,CHEVROLET,CABA,Parabrisas,251185.79233837136
2024-07-01,CHEVROLET,CORD_TUC_STAFE,Parabrisas,236832.31849046444
2024-07-01,CHEVROLET,Rosario,Parabrisas,222478.8446945559
2024-07-01,CHEVROLET,TIERRA DEL FUEGO,Parabrisas,430604.215437208
2024-07-01,FIAT,CABA,Parabrisas,265585.5821200205
2024-07-01,FIAT,CORD_TUC_STAFE,Parabrisas,250409.2631417337
2024-07-01,FIAT,Rosario,Parabrisas,235232.9442184261
2024-07-01,FIAT,TIERRA DEL FUEGO,Parabrisas,455289.5693486067
2024-07-01,FORD,CABA,Parabrisas,300675.5794920405
2024-07-01,FORD,CORD_TUC_STAFE,Parabrisas,283494.117806781
2024-07-01,FORD,Rosario,Parabrisas,266312.656183765
2024-07-01,FORD,TIERRA DEL FUEGO,Parabrisas,515443.8505577837
2024-07-01,PEUGEOT,CABA,Parabrisas,318136.081175333
2024-07-01,PEUGEOT,CORD_TUC_STAFE,Parabrisas,299956.8765367426
2024-07-01,PEUGEOT,Rosario,Parabrisas,281777.67196401
2024-07-01,PEUGEOT,TIERRA DEL FUEGO,Parabrisas,545376.1391577137
2024-07-01,RENAULT,CABA,Parabrisas,242713.03757475043
2024-07-01,RENAULT,CORD_TUC_STAFE,Parabrisas,228843.7211419076
2024-07-01,RENAULT,Rosario,Parabrisas,214974.40475930914
2024-07-01,RENAULT,TIERRA DEL FUEGO,Parabrisas,416079.49298528646
2024-07-01,TOYOTA,CABA,Parabrisas,322773.58725631813
2024-07-01,TOYOTA,CORD_TUC_STAFE,Parabrisas,304329.38227024284
2024-07-01,TOYOTA,Rosario,Parabrisas,285885.17735098547
2024-07-01,TOYOTA,TIERRA DEL FUEGO,Parabrisas,553326.1495822596
2024-07-01,VOLKSWAGEN,CABA,Parabrisas,265484.9248967755
2024-07-01,VOLKSWAGEN,CORD_TUC_STAFE,Parabrisas,250314.35775981692
2024-07-01,VOLKSWAGEN,Rosario,Parabrisas,235143.79067781684
2024-07-01,VOLKSWAGEN,TIERRA DEL FUEGO,Parabrisas,455117.014108758
2024-10-01,CHEVROLET,CABA,Parabrisas,233100.70893676954
2024-10-01,CHEVROLET,CORD_TUC_STAFE,Parabrisas,219780.66842609705
2024-10-01,CHEVROLET,Rosario,Parabrisas,206460.62791552334
2024-10-01,CHEVROLET,TIERRA DEL FUEGO,Parabrisas,399601.2153201764
2024-10-01,FIAT,CABA,Parabrisas,247842.6190061791
2024-10-01,FIAT,CORD_TUC_STAFE,Parabrisas,233680.18363439746
2024-10-01,FIAT,Rosario,Parabrisas,219517.7482627209
2024-10-01,FIAT,TIERRA DEL FUEGO,Parabrisas,424873.06115344993
2024-10-01,FORD,CABA,Parabrisas,278599.3335841484
2024-10-01,FORD,CORD_TUC_STAFE,Parabrisas,262679.37166505423
2024-10-01,FORD,Rosario,Parabrisas,246759.4097460781
2024-10-01,FORD,TIERRA DEL FUEGO,Parabrisas,477598.85757282574
2024-10-01,PEUGEOT,CABA,Parabrisas,296850.84350879444
2024-10-01,PEUGEOT,CORD_TUC_STAFE,Parabrisas,279887.9381654348
2024-10-01,PEUGEOT,Rosario,Parabrisas,262925.03282220097
2024-10-01,PEUGEOT,TIERRA DEL FUEGO,Parabrisas,508887.1603007905
2024-10-01,RENAULT,CABA,Parabrisas,225443.1733115863
2024-10-01,RENAULT,CORD_TUC_STAFE,Parabrisas,212560.70626520997
2024-10-01,RENAULT,Rosario,Parabrisas,199678.23921892917
2024-10-01,RENAULT,TIERRA DEL FUEGO,Parabrisas,386474.0113912908
2024-10-01,TOYOTA,CABA,Parabrisas,298169.8191374999
2024-10-01,TOYOTA,CORD_TUC_STAFE,Parabrisas,281131.5437582143
2024-10-01,TOYOTA,Rosario,Parabrisas,264093.26837905496
2024-10-01,TOYOTA,TIERRA DEL FUEGO,Parabrisas,511148.26137857133
2024-10-01,VOLKSWAGEN,CABA,Parabrisas,246288.82169499918
2024-10-01,VOLKSWAGEN,CORD_TUC_STAFE,Parabrisas,232215.17474099927
2024-10-01,VOLKSWAGEN,Rosario,Parabrisas,218141.52778710373
2024-10-01,VOLKSWAGEN,TIERRA DEL FUEGO,Parabrisas,422209.40861999855
2025-01-01,CHEVROLET,CABA,Parabrisas,216793.06441759883
2025-01-01,CHEVROLET,CORD_TUC_STAFE,Parabrisas,204404.88930802178
2025-01-01,CHEVROLET,Rosario,Parabrisas,192016.714162819
2025-01-01,CHEVROLET,TIERRA DEL FUEGO,Parabrisas,371645.25328731234
2025-01-01,FIAT,CABA,Parabrisas,230757.5967566112
2025-01-01,FIAT,CORD_TUC_STAFE,Parabrisas,217571.44837051912
2025-01-01,FIAT,Rosario,Parabrisas,204385.29994650654
2025-01-01,FIAT,TIERRA DEL FUEGO,Parabrisas,395584.45158276206
2025-01-01,FORD,CABA,Parabrisas,259108.62111016546
2025-01-01,FORD,CORD_TUC_STAFE,Parabrisas,244302.41418958458
2025-01-01,FORD,Rosario,Parabrisas,229496.20722642427
2025-01-01,FORD,TIERRA DEL FUEGO,Parabrisas,444186.20761742647
2025-01-01,PEUGEOT,CABA,Parabrisas,276804.86874381994
2025-01-01,PEUGEOT,CORD_TUC_STAFE,Parabrisas,260987.4476727445
2025-01-01,PEUGEOT,Rosario,Parabrisas,245170.02655618158
2025-01-01,PEUGEOT,TIERRA DEL FUEGO,Parabrisas,474522.63213226275
2025-01-01,RENAULT,CABA,Parabrisas,210214.3577621566
2025-01-01,RENAULT,CORD_TUC_STAFE,Parabrisas,198202.10874717624
2025-01-01,RENAULT,Rosario,Parabrisas,186189.85969765123
2025-01-01,RENAULT,TIERRA DEL FUEGO,Parabrisas,360367.4704494113
2025-01-01,TOYOTA,CABA,Parabrisas,277141.22847477923
2025-01-01,TOYOTA,CORD_TUC_STAFE,Parabrisas,261304.58684764904
2025-01-01,TOYOTA,Rosario,Parabrisas,245467.94517497602
2025-01-01,TOYOTA,TIERRA DEL FUEGO,Parabrisas,475099.2488139073
2025-01-01,VOLKSWAGEN,CABA,Parabrisas,234247.6181855423
2025-01-01,VOLKSWAGEN,CORD_TUC_STAFE,Parabrisas,220862.04000351136
2025-01-01,VOLKSWAGEN,Rosario,Parabrisas,207476.4617829863
2025-01-01,VOLKSWAGEN,TIERRA DEL FUEGO,Parabrisas,401567.3454609297
2025-04-01,CHEVROLET,CABA,Parabrisas,207583.62192635334
2025-04-01,CHEVROLET,CORD_TUC_STAFE,Parabrisas,195721.7006734189
2025-04-01,CHEVROLET,Rosario,Parabrisas,183859.7794204844
2025-04-01,CHEVROLET,TIERRA DEL FUEGO,Parabrisas,355857.6375880343
2025-04-01,FIAT,CABA,Parabrisas,221934.44289199502
2025-04-01,FIAT,CORD_TUC_STAFE,Parabrisas,209252.47472673818
2025-04-01,FIAT,Rosario,Parabrisas,196570.5065614813
2025-04-01,FIAT,TIERRA DEL FUEGO,Parabrisas,380459.0449577057
2025-04-01,FORD,CABA,Parabrisas,249201.4489976187
2025-04-01,FORD,CORD_TUC_STAFE,Parabrisas,234961.36619775477
2025-04-01,FORD,Rosario,Parabrisas,220721.28339789083
2025-04-01,FORD,TIERRA DEL FUEGO,Parabrisas,427202.4839959177
2025-04-01,PEUGEOT,CABA,Parabrisas,265738.6026555955
2025-04-01,PEUGEOT,CORD_TUC_STAFE,Parabrisas,250553.53964670436
2025-04-01,PEUGEOT,Rosario,Parabrisas,235368.47663781318
2025-04-01,PEUGEOT,TIERRA DEL FUEGO,Parabrisas,455551.89026673516
2025-04-01,RENAULT,CABA,Parabrisas,202035.9560712392
2025-04-01,RENAULT,CORD_TUC_STAFE,Parabrisas,190491.04429573982
2025-04-01,RENAULT,Rosario,Parabrisas,178946.13252024047
2025-04-01,RENAULT,TIERRA DEL FUEGO,Parabrisas,346347.3532649815
2025-04-01,TOYOTA,CABA,Parabrisas,269435.1507502172
2025-04-01,TOYOTA,CORD_TUC_STAFE,Parabrisas,254038.85642163336
2025-04-01,TOYOTA,Rosario,Parabrisas,238642.5620930495
2025-04-01,TOYOTA,TIERRA DEL FUEGO,Parabrisas,461888.8298575152
2025-04-01,VOLKSWAGEN,CABA,Parabrisas,223872.29558539012
2025-04-01,VOLKSWAGEN,CORD_TUC_STAFE,Parabrisas,211079.5929805107
2025-04-01,VOLKSWAGEN,Rosario,Parabrisas,198286.89037563125
2025-04-01,VOLKSWAGEN,TIERRA DEL FUEGO,Parabrisas,383781.0781463831
2023-12-01,CHEVROLET,CABA,Puerta,125242.44535050492
2023-12-01,CHEVROLET,CORD_TUC_STAFE,Puerta,118085.73418761893
2023-12-01,CHEVROLET,Rosario,Puerta,110929.02301998968
2023-12-01,CHEVROLET,TIERRA DEL FUEGO,Puerta,214701.33488657986
2023-12-01,FIAT,CABA,Puerta,103155.04491671824
2023-12-01,FIAT,CORD_TUC_STAFE,Puerta,97260.4709214772
2023-12-01,FIAT,Rosario,Puerta,91365.8969223294
2023-12-01,FIAT,TIERRA DEL FUEGO,Puerta,176837.21985723128
2023-12-01,FORD,CABA,Puerta,125260.9313384302
2023-12-01,FORD,CORD_TUC_STAFE,Puerta,118103.16383337705
2023-12-01,FORD,Rosario,Puerta,110945.39632357993
2023-12-01,FORD,TIERRA DEL FUEGO,Puerta,214733.02515159463
2023-12-01,PEUGEOT,CABA,Puerta,104757.87768357972
2023-12-01,PEUGEOT,CORD_TUC_STAFE,Puerta,98771.71324451805
2023-12-01,PEUGEOT,Rosario,Puerta,92785.54880148885
2023-12-01,PEUGEOT,TIERRA DEL FUEGO,Puerta,179584.93317185095
2023-12-01,RENAULT,CABA,Puerta,110601.98932243815
2023-12-01,RENAULT,CORD_TUC_STAFE,Puerta,104281.87564687026
2023-12-01,RENAULT,Rosario,Puerta,97961.76196711358
2023-12-01,RENAULT,TIERRA DEL FUEGO,Puerta,189603.41026703684
2023-12-01,TOYOTA,CABA,Puerta,147344.05734397535
2023-12-01,TOYOTA,CORD_TUC_STAFE,Puerta,138924.39692431962
2023-12-01,TOYOTA,Rosario,Puerta,130504.73649908356
2023-12-01,TOYOTA,TIERRA DEL FUEGO,Puerta,252589.812589672
2023-12-01,VOLKSWAGEN,CABA,Puerta,117879.36405980462
2023-12-01,VOLKSWAGEN,CORD_TUC_STAFE,Puerta,111143.40039924436
2023-12-01,VOLKSWAGEN,Rosario,Puerta,104407.43673421968
2023-12-01,VOLKSWAGEN,TIERRA DEL FUEGO,Puerta,202078.90981680795
2024-02-01,CHEVROLET,CABA,Puerta,96280.8359737208
2024-02-01,CHEVROLET,CORD_TUC_STAFE,Puerta,90779.07391807961
2024-02-01,CHEVROLET,Rosario,Puerta,85277.31187207335
2024-02-01,CHEVROLET,TIERRA DEL FUEGO,Puerta,165052.86166923566
2024-02-01,FIAT,CABA,Puerta,79301.02236260999
2024-02-01,FIAT,CORD_TUC_STAFE,Puerta,74769.53537046084
2024-02-01,FIAT,Rosario,Puerta,70238.04838624744
2024-02-01,FIAT,TIERRA DEL FUEGO,Puerta,135944.60976447427
2024-02-01,FORD,CABA,Puerta,96295.0471811614
2024-02-01,FORD,CORD_TUC_STAFE,Puerta,90792.47305652361
2024-02-01,FORD,Rosario,Puerta,85289.89894152217
2024-02-01,FORD,TIERRA DEL FUEGO,Puerta,165077.22373913386
2024-02-01,PEUGEOT,CABA,Puerta,80533.20908882415
2024-02-01,PEUGEOT,CORD_TUC_STAFE,Puerta,75931.31142660564
2024-02-01,PEUGEOT,Rosario,Puerta,71329.41377244616
2024-02-01,PEUGEOT,TIERRA DEL FUEGO,Puerta,138056.9298665557
2024-02-01,RENAULT,CABA,Puerta,85025.90285999996
2024-02-01,RENAULT,CORD_TUC_STAFE,Puerta,80167.27983942855
2024-02-01,RENAULT,Rosario,Puerta,75308.65682736575
2024-02-01,RENAULT,TIERRA DEL FUEGO,Puerta,145758.6906171428
2024-02-01,TOYOTA,CABA,Puerta,113271.57480146253
2024-02-01,TOYOTA,CORD_TUC_STAFE,Puerta,106798.9133842361
2024-02-01,TOYOTA,Rosario,Puerta,100326.25197834488
2024-02-01,TOYOTA,TIERRA DEL FUEGO,Puerta,194179.8425167929
2024-02-01,VOLKSWAGEN,CABA,Puerta,90620.4257188181
2024-02-01,VOLKSWAGEN,CORD_TUC_STAFE,Puerta,85442.1156777428
2024-02-01,VOLKSWAGEN,Rosario,Puerta,80263.80564573596
2024-02-01,VOLKSWAGEN,TIERRA DEL FUEGO,Puerta,155349.3012322596
2024-03-01,CHEVROLET,CABA,Puerta,91068.50812220582
2024-03-01,CHEVROLET,CORD_TUC_STAFE,Puerta,85864.5933723655
2024-03-01,CHEVROLET,Rosario,Puerta,80660.67860683402
2024-03-01,CHEVROLET,TIERRA DEL FUEGO,Puerta,156117.44249521
2024-03-01,FIAT,CABA,Puerta,75007.9257838987
2024-03-01,FIAT,CORD_TUC_STAFE,Puerta,70721.75859624734
2024-03-01,FIAT,Rosario,Puerta,66435.59139567209
2024-03-01,FIAT,TIERRA DEL FUEGO,Puerta,128585.01562954062
2024-03-01,FORD,CABA,Puerta,90178.85912291262
2024-03-01,FORD,CORD_TUC_STAFE,Puerta,85025.78145874619
2024-03-01,FORD,Rosario,Puerta,79872.7037790419
2024-03-01,FORD,TIERRA DEL FUEGO,Puerta,154592.32992499304
2024-03-01,PEUGEOT,CABA,Puerta,76981.72064680343
2024-03-01,PEUGEOT,CORD_TUC_STAFE,Puerta,72582.76518127182
2024-03-01,PEUGEOT,Rosario,Puerta,68183.8097024762
2024-03-01,PEUGEOT,TIERRA DEL FUEGO,Puerta,131968.66396594874
2024-03-01,RENAULT,CABA,Puerta,80422.88007675005
2024-03-01,RENAULT,CORD_TUC_STAFE,Puerta,75827.2869295072
2024-03-01,RENAULT,Rosario,Puerta,71231.69376840745
2024-03-01,RENAULT,TIERRA DEL FUEGO,Puerta,137867.79441728583
2024-03-01,TOYOTA,CABA,Puerta,108850.83587596485
2024-03-01,TOYOTA,CORD_TUC_STAFE,Puerta,102630.78811162402
2024-03-01,TOYOTA,Rosario,Puerta,96410.74032852812
2024-03-01,TOYOTA,TIERRA DEL FUEGO,Puerta,186601.43293022548
2024-03-01,VOLKSWAGEN,CABA,Puerta,88815.578187535
2024-03-01,VOLKSWAGEN,CORD_TUC_STAFE,Puerta,83740.40229110442
2024-03-01,VOLKSWAGEN,Rosario,Puerta,78665.22637937088
2024-03-01,VOLKSWAGEN,TIERRA DEL FUEGO,Puerta,152255.2768929171
2024-05-01,CHEVROLET,CABA,Puerta,84339.72528006036
2024-05-01,CHEVROLET,CORD_TUC_STAFE,Puerta,79520.31240691408
2024-05-01,CHEVROLET,Rosario,Puerta,74700.8995410874
2024-05-01,CHEVROLET,TIERRA DEL FUEGO,Puerta,144582.3861943892
2024-05-01,FIAT,CABA,Puerta,69465.8118913296
2024-05-01,FIAT,CORD_TUC_STAFE,Puerta,65496.33692611078
2024-05-01,FIAT,Rosario,Puerta,61526.86196692072
2024-05-01,FIAT,TIERRA DEL FUEGO,Puerta,119084.24895656505
2024-05-01,FORD,CABA,Puerta,83564.63441621013
2024-05-01,FORD,CORD_TUC_STAFE,Puerta,78789.51244956956
2024-05-01,FORD,Rosario,Puerta,74014.39049018137
2024-05-01,FORD,TIERRA DEL FUEGO,Puerta,143253.65899921738
2024-05-01,PEUGEOT,CABA,Puerta,71293.76888688281
2024-05-01,PEUGEOT,CORD_TUC_STAFE,Puerta,67219.8392362038
2024-05-01,PEUGEOT,Rosario,Puerta,63145.90959171221
2024-05-01,PEUGEOT,TIERRA DEL FUEGO,Puerta,122217.88952037053
2024-05-01,RENAULT,CABA,Puerta,74525.2303162716
2024-05-01,RENAULT,CORD_TUC_STAFE,Puerta,70266.64572677037
2024-05-01,RENAULT,Rosario,Puerta,66008.06114373701
2024-05-01,RENAULT,TIERRA DEL FUEGO,Puerta,127757.53768503702
2024-05-01,TOYOTA,CABA,Puerta,100958.45209598985
2024-05-01,TOYOTA,CORD_TUC_STAFE,Puerta,95189.39769050472
2024-05-01,TOYOTA,Rosario,Puerta,89420.34329378155
2024-05-01,TOYOTA,TIERRA DEL FUEGO,Puerta,173071.632164554
2024-05-01,VOLKSWAGEN,CABA,Puerta,82494.29966262735
2024-05-01,VOLKSWAGEN,CORD_TUC_STAFE,Puerta,77780.3396819058
2024-05-01,VOLKSWAGEN,Rosario,Puerta,73066.37970834372
2024-05-01,VOLKSWAGEN,TIERRA DEL FUEGO,Puerta,141418.7994216469
2024-07-01,CHEVROLET,CABA,Puerta,79849.17953642286
2024-07-01,CHEVROLET,CORD_TUC_STAFE,Puerta,75286.3692771987
2024-07-01,CHEVROLET,Rosario,Puerta,70723.55903450426
2024-07-01,CHEVROLET,TIERRA DEL FUEGO,Puerta,136884.3077767249
2024-07-01,FIAT,CABA,Puerta,66583.70161614571
2024-07-01,FIAT,CORD_TUC_STAFE,Puerta,62778.91866665167
2024-07-01,FIAT,Rosario,Puerta,58974.13573094124
2024-07-01,FIAT,TIERRA DEL FUEGO,Puerta,114143.48848482122
2024-07-01,FORD,CABA,Puerta,78869.23448769118
2024-07-01,FORD,CORD_TUC_STAFE,Puerta,74362.42108839455
2024-07-01,FORD,Rosario,Puerta,69855.60770542477
2024-07-01,FORD,TIERRA DEL FUEGO,Puerta,135204.40197889917
2024-07-01,PEUGEOT,CABA,Puerta,67497.83607633859
2024-07-01,PEUGEOT,CORD_TUC_STAFE,Puerta,63640.816871976385
2024-07-01,PEUGEOT,Rosario,Puerta,59783.79768158703
2024-07-01,PEUGEOT,TIERRA DEL FUEGO,Puerta,115710.57613086615
2024-07-01,RENAULT,CABA,Puerta,70630.96722922446
2024-07-01,RENAULT,CORD_TUC_STAFE,Puerta,66594.91195898307
2024-07-01,RENAULT,Rosario,Puerta,62558.85670336312
2024-07-01,RENAULT,TIERRA DEL FUEGO,Puerta,121081.65810724195
2024-07-01,TOYOTA,CABA,Puerta,95831.7130616171
2024-07-01,TOYOTA,CORD_TUC_STAFE,Puerta,90355.61517238186
2024-07-01,TOYOTA,Rosario,Puerta,84879.51730298487
2024-07-01,TOYOTA,TIERRA DEL FUEGO,Puerta,164282.93667705788
2024-07-01,VOLKSWAGEN,CABA,Puerta,78102.01091620018
2024-07-01,VOLKSWAGEN,CORD_TUC_STAFE,Puerta,73639.03886384588
2024-07-01,VOLKSWAGEN,Rosario,Puerta,69176.06682765963
2024-07-01,VOLKSWAGEN,TIERRA DEL FUEGO,Puerta,133889.1615706289
2024-10-01,CHEVROLET,CABA,Puerta,72139.2606644414
2024-10-01,CHEVROLET,CORD_TUC_STAFE,Puerta,68017.01719790189
2024-10-01,CHEVROLET,Rosario,Puerta,63894.773731392976
2024-10-01,CHEVROLET,TIERRA DEL FUEGO,Puerta,123667.30399618525
2024-10-01,FIAT,CABA,Puerta,60154.64447821307
2024-10-01,FIAT,CORD_TUC_STAFE,Puerta,56717.23622231519
2024-10-01,FIAT,Rosario,Puerta,53279.8279664428
2024-10-01,FIAT,TIERRA DEL FUEGO,Puerta,103122.24767693669
2024-10-01,FORD,CABA,Puerta,71315.18972276071
2024-10-01,FORD,CORD_TUC_STAFE,Puerta,67240.03602431725
2024-10-01,FORD,Rosario,Puerta,63164.882325904015
2024-10-01,FORD,TIERRA DEL FUEGO,Puerta,122254.61095330409
2024-10-01,PEUGEOT,CABA,Puerta,60980.513754379164
2024-10-01,PEUGEOT,CORD_TUC_STAFE,Puerta,57495.91296841465
2024-10-01,PEUGEOT,Rosario,Puerta,54011.31218247598
2024-10-01,PEUGEOT,TIERRA DEL FUEGO,Puerta,104538.02357893572
2024-10-01,RENAULT,CABA,Puerta,63868.66953102188
2024-10-01,RENAULT,CORD_TUC_STAFE,Puerta,60219.031272106346
2024-10-01,RENAULT,Rosario,Puerta,56569.39301321789
2024-10-01,RENAULT,TIERRA DEL FUEGO,Puerta,109489.14776746607
2024-10-01,TOYOTA,CABA,Puerta,87284.5090010469
2024-10-01,TOYOTA,CORD_TUC_STAFE,Puerta,82296.82277241565
2024-10-01,TOYOTA,Rosario,Puerta,77309.13654382141
2024-10-01,TOYOTA,TIERRA DEL FUEGO,Puerta,149630.58685893755
2024-10-01,VOLKSWAGEN,CABA,Puerta,70987.75591412908
2024-10-01,VOLKSWAGEN,CORD_TUC_STAFE,Puerta,66931.31271903601
2024-10-01,VOLKSWAGEN,Rosario,Puerta,62874.869523973015
2024-10-01,VOLKSWAGEN,TIERRA DEL FUEGO,Puerta,121693.29585279273
2025-01-01,CHEVROLET,CABA,Puerta,66771.59473751372
2025-01-01,CHEVROLET,CORD_TUC_STAFE,Puerta,62956.07503822723
2025-01-01,CHEVROLET,Rosario,Puerta,59140.555327968126
2025-01-01,CHEVROLET,TIERRA DEL FUEGO,Puerta,114465.59097859493
2025-01-01,FIAT,CABA,Puerta,56750.31859494419
2025-01-01,FIAT,CORD_TUC_STAFE,Puerta,53507.44324666167
2025-01-01,FIAT,Rosario,Puerta,50264.56788905334
2025-01-01,FIAT,TIERRA DEL FUEGO,Puerta,97286.26044847576
2025-01-01,FORD,CABA,Puerta,66326.00385489847
2025-01-01,FORD,CORD_TUC_STAFE,Puerta,62535.94649176143
2025-01-01,FORD,Rosario,Puerta,58745.88911772498
2025-01-01,FORD,TIERRA DEL FUEGO,Puerta,113701.72089411167
2025-01-01,PEUGEOT,CABA,Puerta,56363.45543087219
2025-01-01,PEUGEOT,CORD_TUC_STAFE,Puerta,53142.68654910807
2025-01-01,PEUGEOT,Rosario,Puerta,49921.91765808171
2025-01-01,PEUGEOT,TIERRA DEL FUEGO,Puerta,96623.06645292375
2025-01-01,RENAULT,CABA,Puerta,60151.95648960783
2025-01-01,RENAULT,CORD_TUC_STAFE,Puerta,56714.70183305882
2025-01-01,RENAULT,Rosario,Puerta,53277.44716662499
2025-01-01,RENAULT,TIERRA DEL FUEGO,Puerta,103117.63969647056
2025-01-01,TOYOTA,CABA,Puerta,81562.6055951052
2025-01-01,TOYOTA,CORD_TUC_STAFE,Puerta,76901.88527538492
2025-01-01,TOYOTA,Rosario,Puerta,72241.16494226138
2025-01-01,TOYOTA,TIERRA DEL FUEGO,Puerta,139821.60959160893
2025-01-01,VOLKSWAGEN,CABA,Puerta,66021.47720162936
2025-01-01,VOLKSWAGEN,CORD_TUC_STAFE,Puerta,62248.821361536255
2025-01-01,VOLKSWAGEN,Rosario,Puerta,58476.1655105938
2025-01-01,VOLKSWAGEN,TIERRA DEL FUEGO,Puerta,113179.67520279318
2025-04-01,CHEVROLET,CABA,Puerta,64039.99506300721
2025-04-01,CHEVROLET,CORD_TUC_STAFE,Puerta,60380.56677369252
2025-04-01,CHEVROLET,Rosario,Puerta,56721.13848437781
2025-04-01,CHEVROLET,TIERRA DEL FUEGO,Puerta,109782.84867944094
2025-04-01,FIAT,CABA,Puerta,52845.50786328955
2025-04-01,FIAT,CORD_TUC_STAFE,Puerta,49825.76455681587
2025-04-01,FIAT,Rosario,Puerta,46806.02125034218
2025-04-01,FIAT,TIERRA DEL FUEGO,Puerta,90592.29919421067
2025-04-01,FORD,CABA,Puerta,61512.45210269366
2025-04-01,FORD,CORD_TUC_STAFE,Puerta,57997.45483968261
2025-04-01,FORD,Rosario,Puerta,54482.457576671535
2025-04-01,FORD,TIERRA DEL FUEGO,Puerta,105449.917890332
2025-04-01,PEUGEOT,CABA,Puerta,53104.26357384298
2025-04-01,PEUGEOT,CORD_TUC_STAFE,Puerta,50069.734226766246
2025-04-01,PEUGEOT,Rosario,Puerta,47035.2048796895
2025-04-01,PEUGEOT,TIERRA DEL FUEGO,Puerta,91035.88041230224
2025-04-01,RENAULT,CABA,Puerta,56965.053313490534
2025-04-01,RENAULT,CORD_TUC_STAFE,Puerta,53709.907409862506
2025-04-01,RENAULT,Rosario,Puerta,50454.76150623448
2025-04-01,RENAULT,TIERRA DEL FUEGO,Puerta,97654.37710884091
2025-04-01,TOYOTA,CABA,Puerta,76949.83927572174
2025-04-01,TOYOTA,CORD_TUC_STAFE,Puerta,72552.70560282335
2025-04-01,TOYOTA,Rosario,Puerta,68155.57192992496
2025-04-01,TOYOTA,TIERRA DEL FUEGO,Puerta,131914.01018695155
2025-04-01,VOLKSWAGEN,CABA,Puerta,62122.21542809395
2025-04-01,VOLKSWAGEN,CORD_TUC_STAFE,Puerta,58572.374546488594
2025-04-01,VOLKSWAGEN,Rosario,Puerta,55022.53366488322
2025-04-01,VOLKSWAGEN,TIERRA DEL FUEGO,Puerta,106495.22644816106
