fecha,marca,zona,tipo_cristal,precio_usd,instalacion_usd
2023-12-01,CHEVROLET,CABA,Aleta/Ventilete,38.0,17.6
2023-12-01,CHEVROLET,CABA,Custodia/Coleta,98.7,17.6
2023-12-01,CHEVROLET,CABA,Luneta,108.2,28.8
2023-12-01,CHEVROLET,CABA,Parabrisas,159.7,40.0
2023-12-01,CHEVROLET,CABA,Puerta,53.4,11.7
2023-12-01,CHEVROLET,CORD_TUC_STAFE,Aleta/Ventilete,35.8,19.2
2023-12-01,CHEVROLET,CORD_TUC_STAFE,Custodia/Coleta,93.1,19.2
2023-12-01,CHEVROLET,CORD_TUC_STAFE,Luneta,102.0,31.5
2023-12-01,CHEVROLET,CORD_TUC_STAFE,Parabrisas,150.6,43.7
2023-12-01,CHEVROLET,CORD_TUC_STAFE,Puerta,50.3,12.8
2023-12-01,CHEVROLET,Rosario,Aleta/Ventilete,33.6,19.2
2023-12-01,CHEVROLET,Rosario,Custodia/Coleta,87.4,19.2
2023-12-01,CHEVROLET,Rosario,Luneta,95.9,31.5
2023-12-01,CHEVROLET,Rosario,Parabrisas,141.5,43.7
2023-12-01,CHEVROLET,Rosario,Puerta,47.3,12.8
2023-12-01,CHEVROLET,TIERRA DEL FUEGO,Aleta/Ventilete,65.1,34.4
2023-12-01,CHEVROLET,TIERRA DEL FUEGO,Custodia/Coleta,169.2,34.4
2023-12-01,CHEVROLET,TIERRA DEL FUEGO,Luneta,185.5,56.5
2023-12-01,CHEVROLET,TIERRA DEL FUEGO,Parabrisas,273.8,78.3
2023-12-01,CHEVROLET,TIERRA DEL FUEGO,Puerta,91.5,23.0
2023-12-01,FIAT,CABA,Aleta/Ventilete,31.2,17.6
2023-12-01,FIAT,CABA,Custodia/Coleta,79.4,17.6
2023-12-01,FIAT,CABA,Luneta,107.5,26.6
2023-12-01,FIAT,CABA,Parabrisas,166.8,40.2
2023-12-01,FIAT,CABA,Puerta,44.0,11.7
2023-12-01,FIAT,CORD_TUC_STAFE,Aleta/Ventilete,29.4,19.2
2023-12-01,FIAT,CORD_TUC_STAFE,Custodia/Coleta,74.9,19.2
2023-12-01,FIAT,CORD_TUC_STAFE,Luneta,101.4,29.1
2023-12-01,FIAT,CORD_TUC_STAFE,Parabrisas,157.2,44.0
2023-12-01,FIAT,CORD_TUC_STAFE,Puerta,41.5,12.8
2023-12-01,FIAT,Rosario,Aleta/Ventilete,27.6,19.2
2023-12-01,FIAT,Rosario,Custodia/Coleta,70.3,19.2
2023-12-01,FIAT,Rosario,Luneta,95.2,29.1
2023-12-01,FIAT,Rosario,Parabrisas,147.7,44.0
2023-12-01,FIAT,Rosario,Puerta,38.9,12.8
2023-12-01,FIAT,TIERRA DEL FUEGO,Aleta/Ventilete,53.5,34.4
2023-12-01,FIAT,TIERRA DEL FUEGO,Custodia/Coleta,136.1,34.4
2023-12-01,FIAT,TIERRA DEL FUEGO,Luneta,184.3,52.2
2023-12-01,FIAT,TIERRA DEL FUEGO,Parabrisas,285.9,78.8
2023-12-01,FIAT,TIERRA DEL FUEGO,Puerta,75.4,23.0
2023-12-01,FORD,CABA,Aleta/Ventilete,37.9,17.6
2023-12-01,FORD,CABA,Custodia/Coleta,42.5,17.6
2023-12-01,FORD,CABA,Luneta,110.8,27.9
2023-12-01,FORD,CABA,Parabrisas,192.1,40.0
2023-12-01,FORD,CABA,Puerta,53.4,11.7
2023-12-01,FORD,CORD_TUC_STAFE,Aleta/Ventilete,35.8,19.2
2023-12-01,FORD,CORD_TUC_STAFE,Custodia/Coleta,40.1,19.2
2023-12-01,FORD,CORD_TUC_STAFE,Luneta,104.4,30.5
2023-12-01,FORD,CORD_TUC_STAFE,Parabrisas,181.1,43.7
2023-12-01,FORD,CORD_TUC_STAFE,Puerta,50.3,12.8
2023-12-01,FORD,Rosario,Aleta/Ventilete,33.6,19.2
2023-12-01,FORD,Rosario,Custodia/Coleta,37.7,19.2
2023-12-01,FORD,Rosario,Luneta,98.1,30.5
2023-12-01,FORD,Rosario,Parabrisas,170.1,43.7
2023-12-01,FORD,Rosario,Puerta,47.3,12.8
2023-12-01,FORD,TIERRA DEL FUEGO,Aleta/Ventilete,65.0,34.4
2023-12-01,FORD,TIERRA DEL FUEGO,Custodia/Coleta,72.9,34.4
2023-12-01,FORD,TIERRA DEL FUEGO,Luneta,189.9,54.7
2023-12-01,FORD,TIERRA DEL FUEGO,Parabrisas,329.3,78.4
2023-12-01,FORD,TIERRA DEL FUEGO,Puerta,91.5,23.0
2023-12-01,PEUGEOT,CABA,Aleta/Ventilete,113.0,17.6
2023-12-01,PEUGEOT,CABA,Custodia/Coleta,66.4,17.6
2023-12-01,PEUGEOT,CABA,Luneta,119.6,28.7
2023-12-01,PEUGEOT,CABA,Parabrisas,203.9,39.9
2023-12-01,PEUGEOT,CABA,Puerta,44.6,11.7
2023-12-01,PEUGEOT,CORD_TUC_STAFE,Aleta/Ventilete,112.4,19.2
2023-12-01,PEUGEOT,CORD_TUC_STAFE,Custodia/Coleta,62.6,19.2
2023-12-01,PEUGEOT,CORD_TUC_STAFE,Luneta,112.8,31.3
2023-12-01,PEUGEOT,CORD_TUC_STAFE,Parabrisas,192.3,43.6
2023-12-01,PEUGEOT,CORD_TUC_STAFE,Puerta,42.1,12.8
2023-12-01,PEUGEOT,Rosario,Aleta/Ventilete,111.7,19.2
2023-12-01,PEUGEOT,Rosario,Custodia/Coleta,58.8,19.2
2023-12-01,PEUGEOT,Rosario,Luneta,105.9,31.3
2023-12-01,PEUGEOT,Rosario,Parabrisas,180.6,43.6
2023-12-01,PEUGEOT,Rosario,Puerta,39.5,12.8
2023-12-01,PEUGEOT,TIERRA DEL FUEGO,Aleta/Ventilete,120.6,34.4
2023-12-01,PEUGEOT,TIERRA DEL FUEGO,Custodia/Coleta,113.9,34.4
2023-12-01,PEUGEOT,TIERRA DEL FUEGO,Luneta,205.0,56.2
2023-12-01,PEUGEOT,TIERRA DEL FUEGO,Parabrisas,349.6,78.2
2023-12-01,PEUGEOT,TIERRA DEL FUEGO,Puerta,76.5,23.0
2023-12-01,RENAULT,CABA,Aleta/Ventilete,41.2,17.6
2023-12-01,RENAULT,CABA,Custodia/Coleta,95.1,17.6
2023-12-01,RENAULT,CABA,Luneta,97.9,26.2
2023-12-01,RENAULT,CABA,Parabrisas,150.7,39.4
2023-12-01,RENAULT,CABA,Puerta,47.1,11.7
2023-12-01,RENAULT,CORD_TUC_STAFE,Aleta/Ventilete,38.8,19.2
2023-12-01,RENAULT,CORD_TUC_STAFE,Custodia/Coleta,89.7,19.2
2023-12-01,RENAULT,CORD_TUC_STAFE,Luneta,92.3,28.7
2023-12-01,RENAULT,CORD_TUC_STAFE,Parabrisas,142.1,43.0
2023-12-01,RENAULT,CORD_TUC_STAFE,Puerta,44.4,12.8
2023-12-01,RENAULT,Rosario,Aleta/Ventilete,36.5,19.2
2023-12-01,RENAULT,Rosario,Custodia/Coleta,84.2,19.2
2023-12-01,RENAULT,Rosario,Luneta,86.7,28.7
2023-12-01,RENAULT,Rosario,Parabrisas,133.5,43.0
2023-12-01,RENAULT,Rosario,Puerta,41.8,12.8
2023-12-01,RENAULT,TIERRA DEL FUEGO,Aleta/Ventilete,70.6,34.4
2023-12-01,RENAULT,TIERRA DEL FUEGO,Custodia/Coleta,163.1,34.4
2023-12-01,RENAULT,TIERRA DEL FUEGO,Luneta,167.8,51.4
2023-12-01,RENAULT,TIERRA DEL FUEGO,Parabrisas,258.4,77.2
2023-12-01,RENAULT,TIERRA DEL FUEGO,Puerta,80.8,23.0
2023-12-01,TOYOTA,CABA,Aleta/Ventilete,37.7,17.6
2023-12-01,TOYOTA,CABA,Custodia/Coleta,127.1,17.6
2023-12-01,TOYOTA,CABA,Luneta,179.6,28.7
2023-12-01,TOYOTA,CABA,Parabrisas,209.8,39.9
2023-12-01,TOYOTA,CABA,Puerta,62.8,11.7
2023-12-01,TOYOTA,CORD_TUC_STAFE,Aleta/Ventilete,35.5,19.2
2023-12-01,TOYOTA,CORD_TUC_STAFE,Custodia/Coleta,119.9,19.2
2023-12-01,TOYOTA,CORD_TUC_STAFE,Luneta,169.3,31.4
2023-12-01,TOYOTA,CORD_TUC_STAFE,Parabrisas,197.8,43.6
2023-12-01,TOYOTA,CORD_TUC_STAFE,Puerta,59.2,12.8
2023-12-01,TOYOTA,Rosario,Aleta/Ventilete,33.4,19.2
2023-12-01,TOYOTA,Rosario,Custodia/Coleta,112.6,19.2
2023-12-01,TOYOTA,Rosario,Luneta,159.1,31.4
2023-12-01,TOYOTA,Rosario,Parabrisas,185.8,43.6
2023-12-01,TOYOTA,Rosario,Puerta,55.6,12.8
2023-12-01,TOYOTA,TIERRA DEL FUEGO,Aleta/Ventilete,64.6,34.4
2023-12-01,TOYOTA,TIERRA DEL FUEGO,Custodia/Coleta,218.0,34.4
2023-12-01,TOYOTA,TIERRA DEL FUEGO,Luneta,307.9,56.3
2023-12-01,TOYOTA,TIERRA DEL FUEGO,Parabrisas,359.6,78.2
2023-12-01,TOYOTA,TIERRA DEL FUEGO,Puerta,107.7,23.0
2023-12-01,VOLKSWAGEN,CABA,Aleta/Ventilete,38.5,17.6
2023-12-01,VOLKSWAGEN,CABA,Custodia/Coleta,49.9,17.6
2023-12-01,VOLKSWAGEN,CABA,Luneta,127.2,28.6
2023-12-01,VOLKSWAGEN,CABA,Parabrisas,178.0,40.2
2023-12-01,VOLKSWAGEN,CABA,Puerta,50.2,11.7
2023-12-01,VOLKSWAGEN,CORD_TUC_STAFE,Aleta/Ventilete,36.3,19.2
2023-12-01,VOLKSWAGEN,CORD_TUC_STAFE,Custodia/Coleta,47.1,19.2
2023-12-01,VOLKSWAGEN,CORD_TUC_STAFE,Luneta,119.9,31.3
2023-12-01,VOLKSWAGEN,CORD_TUC_STAFE,Parabrisas,167.8,43.9
2023-12-01,VOLKSWAGEN,CORD_TUC_STAFE,Puerta,47.4,12.8
2023-12-01,VOLKSWAGEN,Rosario,Aleta/Ventilete,34.1,19.2
2023-12-01,VOLKSWAGEN,Rosario,Custodia/Coleta,44.2,19.2
2023-12-01,VOLKSWAGEN,Rosario,Luneta,112.7,31.3
2023-12-01,VOLKSWAGEN,Rosario,Parabrisas,157.6,43.9
2023-12-01,VOLKSWAGEN,Rosario,Puerta,44.5,12.8
2023-12-01,VOLKSWAGEN,TIERRA DEL FUEGO,Aleta/Ventilete,66.0,34.4
2023-12-01,VOLKSWAGEN,TIERRA DEL FUEGO,Custodia/Coleta,85.6,34.4
2023-12-01,VOLKSWAGEN,TIERRA DEL FUEGO,Luneta,218.0,56.1
2023-12-01,VOLKSWAGEN,TIERRA DEL FUEGO,Parabrisas,305.1,78.8
2023-12-01,VOLKSWAGEN,TIERRA DEL FUEGO,Puerta,86.1,23.0
2024-02-01,CHEVROLET,CABA,Aleta/Ventilete,35.6,17.1
2024-02-01,CHEVROLET,CABA,Custodia/Coleta,92.6,17.1
2024-02-01,CHEVROLET,CABA,Luneta,102.4,28.0
2024-02-01,CHEVROLET,CABA,Parabrisas,152.9,38.9
2024-02-01,CHEVROLET,CABA,Puerta,50.0,11.4
2024-02-01,CHEVROLET,CORD_TUC_STAFE,Aleta/Ventilete,33.6,18.7
2024-02-01,CHEVROLET,CORD_TUC_STAFE,Custodia/Coleta,87.3,18.7
2024-02-01,CHEVROLET,CORD_TUC_STAFE,Luneta,96.6,30.6
2024-02-01,CHEVROLET,CORD_TUC_STAFE,Parabrisas,144.2,42.5
2024-02-01,CHEVROLET,CORD_TUC_STAFE,Puerta,47.2,12.5
2024-02-01,CHEVROLET,Rosario,Aleta/Ventilete,31.5,18.7
2024-02-01,CHEVROLET,Rosario,Custodia/Coleta,82.0,18.7
2024-02-01,CHEVROLET,Rosario,Luneta,90.7,30.6
2024-02-01,CHEVROLET,Rosario,Parabrisas,135.4,42.5
2024-02-01,CHEVROLET,Rosario,Puerta,44.3,12.5
2024-02-01,CHEVROLET,TIERRA DEL FUEGO,Aleta/Ventilete,61.0,33.5
2024-02-01,CHEVROLET,TIERRA DEL FUEGO,Custodia/Coleta,158.7,33.5
2024-02-01,CHEVROLET,TIERRA DEL FUEGO,Luneta,175.6,54.9
2024-02-01,CHEVROLET,TIERRA DEL FUEGO,Parabrisas,262.1,76.3
2024-02-01,CHEVROLET,TIERRA DEL FUEGO,Puerta,85.8,22.3
2024-02-01,FIAT,CABA,Aleta/Ventilete,29.2,17.1
2024-02-01,FIAT,CABA,Custodia/Coleta,74.5,17.1
2024-02-01,FIAT,CABA,Luneta,102.0,25.9
2024-02-01,FIAT,CABA,Parabrisas,161.2,39.2
2024-02-01,FIAT,CABA,Puerta,41.2,11.4
2024-02-01,FIAT,CORD_TUC_STAFE,Aleta/Ventilete,27.6,18.7
2024-02-01,FIAT,CORD_TUC_STAFE,Custodia/Coleta,70.2,18.7
2024-02-01,FIAT,CORD_TUC_STAFE,Luneta,96.1,28.3
2024-02-01,FIAT,CORD_TUC_STAFE,Parabrisas,152.0,42.8
2024-02-01,FIAT,CORD_TUC_STAFE,Puerta,38.9,12.5
2024-02-01,FIAT,Rosario,Aleta/Ventilete,25.9,18.7
2024-02-01,FIAT,Rosario,Custodia/Coleta,65.9,18.7
2024-02-01,FIAT,Rosario,Luneta,90.3,28.3
2024-02-01,FIAT,Rosario,Parabrisas,142.7,42.8
2024-02-01,FIAT,Rosario,Puerta,36.5,12.5
2024-02-01,FIAT,TIERRA DEL FUEGO,Aleta/Ventilete,50.1,33.5
2024-02-01,FIAT,TIERRA DEL FUEGO,Custodia/Coleta,127.6,33.5
2024-02-01,FIAT,TIERRA DEL FUEGO,Luneta,174.8,50.8
2024-02-01,FIAT,TIERRA DEL FUEGO,Parabrisas,276.3,76.7
2024-02-01,FIAT,TIERRA DEL FUEGO,Puerta,70.7,22.3
2024-02-01,FORD,CABA,Aleta/Ventilete,35.6,17.1
2024-02-01,FORD,CABA,Custodia/Coleta,39.9,17.1
2024-02-01,FORD,CABA,Luneta,106.0,27.1
2024-02-01,FORD,CABA,Parabrisas,185.0,38.9
2024-02-01,FORD,CABA,Puerta,50.1,11.4
2024-02-01,FORD,CORD_TUC_STAFE,Aleta/Ventilete,33.5,18.7
2024-02-01,FORD,CORD_TUC_STAFE,Custodia/Coleta,37.6,18.7
2024-02-01,FORD,CORD_TUC_STAFE,Luneta,99.9,29.7
2024-02-01,FORD,CORD_TUC_STAFE,Parabrisas,174.4,42.5
2024-02-01,FORD,CORD_TUC_STAFE,Puerta,47.2,12.5
2024-02-01,FORD,Rosario,Aleta/Ventilete,31.5,18.7
2024-02-01,FORD,Rosario,Custodia/Coleta,35.3,18.7
2024-02-01,FORD,Rosario,Luneta,93.9,29.7
2024-02-01,FORD,Rosario,Parabrisas,163.8,42.5
2024-02-01,FORD,Rosario,Puerta,44.3,12.5
2024-02-01,FORD,TIERRA DEL FUEGO,Aleta/Ventilete,61.0,33.5
2024-02-01,FORD,TIERRA DEL FUEGO,Custodia/Coleta,68.3,33.5
2024-02-01,FORD,TIERRA DEL FUEGO,Luneta,181.7,53.2
2024-02-01,FORD,TIERRA DEL FUEGO,Parabrisas,317.1,76.3
2024-02-01,FORD,TIERRA DEL FUEGO,Puerta,85.8,22.3
2024-02-01,PEUGEOT,CABA,Aleta/Ventilete,106.8,17.1
2024-02-01,PEUGEOT,CABA,Custodia/Coleta,62.3,17.1
2024-02-01,PEUGEOT,CABA,Luneta,115.7,27.9
2024-02-01,PEUGEOT,CABA,Parabrisas,197.5,38.8
2024-02-01,PEUGEOT,CABA,Puerta,41.9,11.4
2024-02-01,PEUGEOT,CORD_TUC_STAFE,Aleta/Ventilete,106.2,18.7
2024-02-01,PEUGEOT,CORD_TUC_STAFE,Custodia/Coleta,58.7,18.7
2024-02-01,PEUGEOT,CORD_TUC_STAFE,Luneta,109.1,30.5
2024-02-01,PEUGEOT,CORD_TUC_STAFE,Parabrisas,186.2,42.4
2024-02-01,PEUGEOT,CORD_TUC_STAFE,Puerta,39.5,12.5
2024-02-01,PEUGEOT,Rosario,Aleta/Ventilete,105.7,18.7
2024-02-01,PEUGEOT,Rosario,Custodia/Coleta,55.2,18.7
2024-02-01,PEUGEOT,Rosario,Luneta,102.5,30.5
2024-02-01,PEUGEOT,Rosario,Parabrisas,174.9,42.4
2024-02-01,PEUGEOT,Rosario,Puerta,37.1,12.5
2024-02-01,PEUGEOT,TIERRA DEL FUEGO,Aleta/Ventilete,114.0,33.5
2024-02-01,PEUGEOT,TIERRA DEL FUEGO,Custodia/Coleta,106.8,33.5
2024-02-01,PEUGEOT,TIERRA DEL FUEGO,Luneta,198.3,54.7
2024-02-01,PEUGEOT,TIERRA DEL FUEGO,Parabrisas,338.5,76.1
2024-02-01,PEUGEOT,TIERRA DEL FUEGO,Puerta,71.8,22.3
2024-02-01,RENAULT,CABA,Aleta/Ventilete,38.6,17.1
2024-02-01,RENAULT,CABA,Custodia/Coleta,89.2,17.1
2024-02-01,RENAULT,CABA,Luneta,93.9,25.5
2024-02-01,RENAULT,CABA,Parabrisas,146.5,38.3
2024-02-01,RENAULT,CABA,Puerta,44.2,11.4
2024-02-01,RENAULT,CORD_TUC_STAFE,Aleta/Ventilete,36.4,18.7
2024-02-01,RENAULT,CORD_TUC_STAFE,Custodia/Coleta,84.1,18.7
2024-02-01,RENAULT,CORD_TUC_STAFE,Luneta,88.6,27.9
2024-02-01,RENAULT,CORD_TUC_STAFE,Parabrisas,138.1,41.9
2024-02-01,RENAULT,CORD_TUC_STAFE,Puerta,41.7,12.5
2024-02-01,RENAULT,Rosario,Aleta/Ventilete,34.2,18.7
2024-02-01,RENAULT,Rosario,Custodia/Coleta,79.0,18.7
2024-02-01,RENAULT,Rosario,Luneta,83.2,27.9
2024-02-01,RENAULT,Rosario,Parabrisas,129.8,41.9
2024-02-01,RENAULT,Rosario,Puerta,39.1,12.5
2024-02-01,RENAULT,TIERRA DEL FUEGO,Aleta/Ventilete,66.2,33.5
2024-02-01,RENAULT,TIERRA DEL FUEGO,Custodia/Coleta,152.9,33.5
2024-02-01,RENAULT,TIERRA DEL FUEGO,Luneta,161.0,50.1
2024-02-01,RENAULT,TIERRA DEL FUEGO,Parabrisas,251.1,75.1
2024-02-01,RENAULT,TIERRA DEL FUEGO,Puerta,75.8,22.3
2024-02-01,TOYOTA,CABA,Aleta/Ventilete,35.3,17.1
2024-02-01,TOYOTA,CABA,Custodia/Coleta,119.2,17.1
2024-02-01,TOYOTA,CABA,Luneta,172.3,27.9
2024-02-01,TOYOTA,CABA,Parabrisas,202.1,38.9
2024-02-01,TOYOTA,CABA,Puerta,58.9,11.4
2024-02-01,TOYOTA,CORD_TUC_STAFE,Aleta/Ventilete,33.3,18.7
2024-02-01,TOYOTA,CORD_TUC_STAFE,Custodia/Coleta,112.4,18.7
2024-02-01,TOYOTA,CORD_TUC_STAFE,Luneta,162.4,30.5
2024-02-01,TOYOTA,CORD_TUC_STAFE,Parabrisas,190.6,42.4
2024-02-01,TOYOTA,CORD_TUC_STAFE,Puerta,55.5,12.5
2024-02-01,TOYOTA,Rosario,Aleta/Ventilete,31.3,18.7
2024-02-01,TOYOTA,Rosario,Custodia/Coleta,105.6,18.7
2024-02-01,TOYOTA,Rosario,Luneta,152.6,30.5
2024-02-01,TOYOTA,Rosario,Parabrisas,179.0,42.4
2024-02-01,TOYOTA,Rosario,Puerta,52.1,12.5
2024-02-01,TOYOTA,TIERRA DEL FUEGO,Aleta/Ventilete,60.6,33.5
2024-02-01,TOYOTA,TIERRA DEL FUEGO,Custodia/Coleta,204.4,33.5
2024-02-01,TOYOTA,TIERRA DEL FUEGO,Luneta,295.3,54.8
2024-02-01,TOYOTA,TIERRA DEL FUEGO,Parabrisas,346.5,76.1
2024-02-01,TOYOTA,TIERRA DEL FUEGO,Puerta,100.9,22.3
2024-02-01,VOLKSWAGEN,CABA,Aleta/Ventilete,36.1,17.1
2024-02-01,VOLKSWAGEN,CABA,Custodia/Coleta,46.8,17.1
2024-02-01,VOLKSWAGEN,CABA,Luneta,120.4,27.9
2024-02-01,VOLKSWAGEN,CABA,Parabrisas,168.4,39.1
2024-02-01,VOLKSWAGEN,CABA,Puerta,47.1,11.4
2024-02-01,VOLKSWAGEN,CORD_TUC_STAFE,Aleta/Ventilete,34.0,18.7
2024-02-01,VOLKSWAGEN,CORD_TUC_STAFE,Custodia/Coleta,44.1,18.7
2024-02-01,VOLKSWAGEN,CORD_TUC_STAFE,Luneta,113.5,30.5
2024-02-01,VOLKSWAGEN,CORD_TUC_STAFE,Parabrisas,158.8,42.7
2024-02-01,VOLKSWAGEN,CORD_TUC_STAFE,Puerta,44.4,12.5
2024-02-01,VOLKSWAGEN,Rosario,Aleta/Ventilete,32.0,18.7
2024-02-01,VOLKSWAGEN,Rosario,Custodia/Coleta,41.5,18.7
2024-02-01,VOLKSWAGEN,Rosario,Luneta,106.6,30.5
2024-02-01,VOLKSWAGEN,Rosario,Parabrisas,149.2,42.7
2024-02-01,VOLKSWAGEN,Rosario,Puerta,41.7,12.5
2024-02-01,VOLKSWAGEN,TIERRA DEL FUEGO,Aleta/Ventilete,61.9,33.5
2024-02-01,VOLKSWAGEN,TIERRA DEL FUEGO,Custodia/Coleta,80.2,33.5
2024-02-01,VOLKSWAGEN,TIERRA DEL FUEGO,Luneta,206.4,54.6
2024-02-01,VOLKSWAGEN,TIERRA DEL FUEGO,Parabrisas,288.7,76.7
2024-02-01,VOLKSWAGEN,TIERRA DEL FUEGO,Puerta,80.7,22.3
2024-03-01,CHEVROLET,CABA,Aleta/Ventilete,40.4,20.3
2024-03-01,CHEVROLET,CABA,Custodia/Coleta,104.9,20.3
2024-03-01,CHEVROLET,CABA,Luneta,117.6,33.3
2024-03-01,CHEVROLET,CABA,Parabrisas,176.1,46.2
2024-03-01,CHEVROLET,CABA,Puerta,56.7,14.5
2024-03-01,CHEVROLET,CORD_TUC_STAFE,Aleta/Ventilete,38.1,22.2
2024-03-01,CHEVROLET,CORD_TUC_STAFE,Custodia/Coleta,98.9,22.2
2024-03-01,CHEVROLET,CORD_TUC_STAFE,Luneta,110.9,36.4
2024-03-01,CHEVROLET,CORD_TUC_STAFE,Parabrisas,166.0,50.5
2024-03-01,CHEVROLET,CORD_TUC_STAFE,Puerta,53.5,15.9
2024-03-01,CHEVROLET,Rosario,Aleta/Ventilete,35.8,22.2
2024-03-01,CHEVROLET,Rosario,Custodia/Coleta,92.9,22.2
2024-03-01,CHEVROLET,Rosario,Luneta,104.2,36.4
2024-03-01,CHEVROLET,Rosario,Parabrisas,156.0,50.5
2024-03-01,CHEVROLET,Rosario,Puerta,50.2,15.9
2024-03-01,CHEVROLET,TIERRA DEL FUEGO,Aleta/Ventilete,69.2,39.8
2024-03-01,CHEVROLET,TIERRA DEL FUEGO,Custodia/Coleta,179.9,39.8
2024-03-01,CHEVROLET,TIERRA DEL FUEGO,Luneta,201.6,65.3
2024-03-01,CHEVROLET,TIERRA DEL FUEGO,Parabrisas,301.9,90.6
2024-03-01,CHEVROLET,TIERRA DEL FUEGO,Puerta,97.3,28.5
2024-03-01,FIAT,CABA,Aleta/Ventilete,33.1,20.3
2024-03-01,FIAT,CABA,Custodia/Coleta,84.4,20.3
2024-03-01,FIAT,CABA,Luneta,117.4,30.8
2024-03-01,FIAT,CABA,Parabrisas,180.9,46.5
2024-03-01,FIAT,CABA,Puerta,46.7,14.5
2024-03-01,FIAT,CORD_TUC_STAFE,Aleta/Ventilete,31.2,22.2
2024-03-01,FIAT,CORD_TUC_STAFE,Custodia/Coleta,79.6,22.2
2024-03-01,FIAT,CORD_TUC_STAFE,Luneta,110.7,33.6
2024-03-01,FIAT,CORD_TUC_STAFE,Parabrisas,170.6,50.8
2024-03-01,FIAT,CORD_TUC_STAFE,Puerta,44.1,15.9
2024-03-01,FIAT,Rosario,Aleta/Ventilete,29.4,22.2
2024-03-01,FIAT,Rosario,Custodia/Coleta,74.8,22.2
2024-03-01,FIAT,Rosario,Luneta,104.0,33.6
2024-03-01,FIAT,Rosario,Parabrisas,160.2,50.8
2024-03-01,FIAT,Rosario,Puerta,41.4,15.9
2024-03-01,FIAT,TIERRA DEL FUEGO,Aleta/Ventilete,56.8,39.8
2024-03-01,FIAT,TIERRA DEL FUEGO,Custodia/Coleta,144.7,39.8
2024-03-01,FIAT,TIERRA DEL FUEGO,Luneta,201.3,60.3
2024-03-01,FIAT,TIERRA DEL FUEGO,Parabrisas,310.1,91.1
2024-03-01,FIAT,TIERRA DEL FUEGO,Puerta,80.1,28.5
2024-03-01,FORD,CABA,Aleta/Ventilete,42.9,20.3
2024-03-01,FORD,CABA,Custodia/Coleta,44.5,20.3
2024-03-01,FORD,CABA,Luneta,124.0,32.3
2024-03-01,FORD,CABA,Parabrisas,210.9,46.2
2024-03-01,FORD,CABA,Puerta,56.2,14.5
2024-03-01,FORD,CORD_TUC_STAFE,Aleta/Ventilete,40.5,22.2
2024-03-01,FORD,CORD_TUC_STAFE,Custodia/Coleta,41.9,22.2
2024-03-01,FORD,CORD_TUC_STAFE,Luneta,116.9,35.3
2024-03-01,FORD,CORD_TUC_STAFE,Parabrisas,198.9,50.5
2024-03-01,FORD,CORD_TUC_STAFE,Puerta,53.0,15.9
2024-03-01,FORD,Rosario,Aleta/Ventilete,38.0,22.2
2024-03-01,FORD,Rosario,Custodia/Coleta,39.4,22.2
2024-03-01,FORD,Rosario,Luneta,109.8,35.3
2024-03-01,FORD,Rosario,Parabrisas,186.8,50.5
2024-03-01,FORD,Rosario,Puerta,49.8,15.9
2024-03-01,FORD,TIERRA DEL FUEGO,Aleta/Ventilete,73.6,39.8
2024-03-01,FORD,TIERRA DEL FUEGO,Custodia/Coleta,76.2,39.8
2024-03-01,FORD,TIERRA DEL FUEGO,Luneta,212.5,63.3
2024-03-01,FORD,TIERRA DEL FUEGO,Parabrisas,361.6,90.6
2024-03-01,FORD,TIERRA DEL FUEGO,Puerta,96.3,28.5
2024-03-01,PEUGEOT,CABA,Aleta/Ventilete,121.9,20.3
2024-03-01,PEUGEOT,CABA,Custodia/Coleta,70.6,20.3
2024-03-01,PEUGEOT,CABA,Luneta,136.1,33.2
2024-03-01,PEUGEOT,CABA,Parabrisas,223.5,46.1
2024-03-01,PEUGEOT,CABA,Puerta,48.0,14.5
2024-03-01,PEUGEOT,CORD_TUC_STAFE,Aleta/Ventilete,121.3,22.2
2024-03-01,PEUGEOT,CORD_TUC_STAFE,Custodia/Coleta,66.6,22.2
2024-03-01,PEUGEOT,CORD_TUC_STAFE,Luneta,128.3,36.2
2024-03-01,PEUGEOT,CORD_TUC_STAFE,Parabrisas,210.8,50.4
2024-03-01,PEUGEOT,CORD_TUC_STAFE,Puerta,45.2,15.9
2024-03-01,PEUGEOT,Rosario,Aleta/Ventilete,120.6,22.2
2024-03-01,PEUGEOT,Rosario,Custodia/Coleta,62.5,22.2
2024-03-01,PEUGEOT,Rosario,Luneta,120.5,36.2
2024-03-01,PEUGEOT,Rosario,Parabrisas,198.0,50.4
2024-03-01,PEUGEOT,Rosario,Puerta,42.5,15.9
2024-03-01,PEUGEOT,TIERRA DEL FUEGO,Aleta/Ventilete,130.1,39.8
2024-03-01,PEUGEOT,TIERRA DEL FUEGO,Custodia/Coleta,121.0,39.8
2024-03-01,PEUGEOT,TIERRA DEL FUEGO,Luneta,233.3,65.0
2024-03-01,PEUGEOT,TIERRA DEL FUEGO,Parabrisas,383.2,90.4
2024-03-01,PEUGEOT,TIERRA DEL FUEGO,Puerta,82.2,28.5
2024-03-01,RENAULT,CABA,Aleta/Ventilete,43.8,20.3
2024-03-01,RENAULT,CABA,Custodia/Coleta,101.1,20.3
2024-03-01,RENAULT,CABA,Luneta,108.8,30.3
2024-03-01,RENAULT,CABA,Parabrisas,167.6,45.5
2024-03-01,RENAULT,CABA,Puerta,50.1,14.5
2024-03-01,RENAULT,CORD_TUC_STAFE,Aleta/Ventilete,41.3,22.2
2024-03-01,RENAULT,CORD_TUC_STAFE,Custodia/Coleta,95.3,22.2
2024-03-01,RENAULT,CORD_TUC_STAFE,Luneta,102.6,33.1
2024-03-01,RENAULT,CORD_TUC_STAFE,Parabrisas,158.1,49.7
2024-03-01,RENAULT,CORD_TUC_STAFE,Puerta,47.2,15.9
2024-03-01,RENAULT,Rosario,Aleta/Ventilete,38.8,22.2
2024-03-01,RENAULT,Rosario,Custodia/Coleta,89.5,22.2
2024-03-01,RENAULT,Rosario,Luneta,96.3,33.1
2024-03-01,RENAULT,Rosario,Parabrisas,148.5,49.7
2024-03-01,RENAULT,Rosario,Puerta,44.4,15.9
2024-03-01,RENAULT,TIERRA DEL FUEGO,Aleta/Ventilete,75.0,39.8
2024-03-01,RENAULT,TIERRA DEL FUEGO,Custodia/Coleta,173.3,39.8
2024-03-01,RENAULT,TIERRA DEL FUEGO,Luneta,186.5,59.5
2024-03-01,RENAULT,TIERRA DEL FUEGO,Parabrisas,287.4,89.2
2024-03-01,RENAULT,TIERRA DEL FUEGO,Puerta,85.9,28.5
2024-03-01,TOYOTA,CABA,Aleta/Ventilete,38.9,20.3
2024-03-01,TOYOTA,CABA,Custodia/Coleta,135.1,20.3
2024-03-01,TOYOTA,CABA,Luneta,197.1,33.2
2024-03-01,TOYOTA,CABA,Parabrisas,230.7,46.5
2024-03-01,TOYOTA,CABA,Puerta,67.8,14.5
2024-03-01,TOYOTA,CORD_TUC_STAFE,Aleta/Ventilete,36.6,22.2
2024-03-01,TOYOTA,CORD_TUC_STAFE,Custodia/Coleta,127.4,22.2
2024-03-01,TOYOTA,CORD_TUC_STAFE,Luneta,185.9,36.3
2024-03-01,TOYOTA,CORD_TUC_STAFE,Parabrisas,217.5,50.8
2024-03-01,TOYOTA,CORD_TUC_STAFE,Puerta,63.9,15.9
2024-03-01,TOYOTA,Rosario,Aleta/Ventilete,34.4,22.2
2024-03-01,TOYOTA,Rosario,Custodia/Coleta,119.7,22.2
2024-03-01,TOYOTA,Rosario,Luneta,174.6,36.3
2024-03-01,TOYOTA,Rosario,Parabrisas,204.3,50.8
2024-03-01,TOYOTA,Rosario,Puerta,60.1,15.9
2024-03-01,TOYOTA,TIERRA DEL FUEGO,Aleta/Ventilete,66.6,39.8
2024-03-01,TOYOTA,TIERRA DEL FUEGO,Custodia/Coleta,231.7,39.8
2024-03-01,TOYOTA,TIERRA DEL FUEGO,Luneta,338.0,65.1
2024-03-01,TOYOTA,TIERRA DEL FUEGO,Parabrisas,395.4,91.2
2024-03-01,TOYOTA,TIERRA DEL FUEGO,Puerta,116.2,28.5
2024-03-01,VOLKSWAGEN,CABA,Aleta/Ventilete,40.9,20.3
2024-03-01,VOLKSWAGEN,CABA,Custodia/Coleta,53.1,20.3
2024-03-01,VOLKSWAGEN,CABA,Luneta,137.1,33.1
2024-03-01,VOLKSWAGEN,CABA,Parabrisas,189.5,46.5
2024-03-01,VOLKSWAGEN,CABA,Puerta,55.3,14.5
2024-03-01,VOLKSWAGEN,CORD_TUC_STAFE,Aleta/Ventilete,38.6,22.2
2024-03-01,VOLKSWAGEN,CORD_TUC_STAFE,Custodia/Coleta,50.0,22.2
2024-03-01,VOLKSWAGEN,CORD_TUC_STAFE,Luneta,129.2,36.1
2024-03-01,VOLKSWAGEN,CORD_TUC_STAFE,Parabrisas,178.7,50.8
2024-03-01,VOLKSWAGEN,CORD_TUC_STAFE,Puerta,52.2,15.9
2024-03-01,VOLKSWAGEN,Rosario,Aleta/Ventilete,36.3,22.2
2024-03-01,VOLKSWAGEN,Rosario,Custodia/Coleta,47.0,22.2
2024-03-01,VOLKSWAGEN,Rosario,Luneta,121.4,36.1
2024-03-01,VOLKSWAGEN,Rosario,Parabrisas,167.9,50.8
2024-03-01,VOLKSWAGEN,Rosario,Puerta,49.0,15.9
2024-03-01,VOLKSWAGEN,TIERRA DEL FUEGO,Aleta/Ventilete,70.2,39.8
2024-03-01,VOLKSWAGEN,TIERRA DEL FUEGO,Custodia/Coleta,91.0,39.8
2024-03-01,VOLKSWAGEN,TIERRA DEL FUEGO,Luneta,235.0,64.8
2024-03-01,VOLKSWAGEN,TIERRA DEL FUEGO,Parabrisas,324.9,91.1
2024-03-01,VOLKSWAGEN,TIERRA DEL FUEGO,Puerta,94.8,28.5
2024-05-01,CHEVROLET,CABA,Aleta/Ventilete,38.3,19.8
2024-05-01,CHEVROLET,CABA,Custodia/Coleta,101.9,19.8
2024-05-01,CHEVROLET,CABA,Luneta,111.2,31.7
2024-05-01,CHEVROLET,CABA,Parabrisas,162.7,43.9
2024-05-01,CHEVROLET,CABA,Puerta,53.3,14.2
2024-05-01,CHEVROLET,CORD_TUC_STAFE,Aleta/Ventilete,36.2,21.6
2024-05-01,CHEVROLET,CORD_TUC_STAFE,Custodia/Coleta,96.1,21.6
2024-05-01,CHEVROLET,CORD_TUC_STAFE,Luneta,104.8,34.6
2024-05-01,CHEVROLET,CORD_TUC_STAFE,Parabrisas,153.4,48.0
2024-05-01,CHEVROLET,CORD_TUC_STAFE,Puerta,50.2,15.5
2024-05-01,CHEVROLET,Rosario,Aleta/Ventilete,34.0,21.6
2024-05-01,CHEVROLET,Rosario,Custodia/Coleta,90.3,21.6
2024-05-01,CHEVROLET,Rosario,Luneta,98.5,34.6
2024-05-01,CHEVROLET,Rosario,Parabrisas,144.1,48.0
2024-05-01,CHEVROLET,Rosario,Puerta,47.2,15.5
2024-05-01,CHEVROLET,TIERRA DEL FUEGO,Aleta/Ventilete,65.7,38.8
2024-05-01,CHEVROLET,TIERRA DEL FUEGO,Custodia/Coleta,174.7,38.8
2024-05-01,CHEVROLET,TIERRA DEL FUEGO,Luneta,190.6,62.1
2024-05-01,CHEVROLET,TIERRA DEL FUEGO,Parabrisas,279.0,86.1
2024-05-01,CHEVROLET,TIERRA DEL FUEGO,Puerta,91.4,27.8
2024-05-01,FIAT,CABA,Aleta/Ventilete,31.3,19.8
2024-05-01,FIAT,CABA,Custodia/Coleta,79.3,19.8
2024-05-01,FIAT,CABA,Luneta,111.3,29.3
2024-05-01,FIAT,CABA,Parabrisas,167.9,44.2
2024-05-01,FIAT,CABA,Puerta,43.9,14.2
2024-05-01,FIAT,CORD_TUC_STAFE,Aleta/Ventilete,29.5,21.6
2024-05-01,FIAT,CORD_TUC_STAFE,Custodia/Coleta,74.7,21.6
2024-05-01,FIAT,CORD_TUC_STAFE,Luneta,105.0,32.0
2024-05-01,FIAT,CORD_TUC_STAFE,Parabrisas,158.3,48.3
2024-05-01,FIAT,CORD_TUC_STAFE,Puerta,41.4,15.5
2024-05-01,FIAT,Rosario,Aleta/Ventilete,27.8,21.6
2024-05-01,FIAT,Rosario,Custodia/Coleta,70.2,21.6
2024-05-01,FIAT,Rosario,Luneta,98.6,32.0
2024-05-01,FIAT,Rosario,Parabrisas,148.7,48.3
2024-05-01,FIAT,Rosario,Puerta,38.9,15.5
2024-05-01,FIAT,TIERRA DEL FUEGO,Aleta/Ventilete,53.7,38.8
2024-05-01,FIAT,TIERRA DEL FUEGO,Custodia/Coleta,135.9,38.8
2024-05-01,FIAT,TIERRA DEL FUEGO,Luneta,190.9,57.5
2024-05-01,FIAT,TIERRA DEL FUEGO,Parabrisas,287.8,86.7
2024-05-01,FIAT,TIERRA DEL FUEGO,Puerta,75.2,27.8
2024-05-01,FORD,CABA,Aleta/Ventilete,40.3,19.8
2024-05-01,FORD,CABA,Custodia/Coleta,41.9,19.8
2024-05-01,FORD,CABA,Luneta,120.0,30.8
2024-05-01,FORD,CABA,Parabrisas,194.2,44.0
2024-05-01,FORD,CABA,Puerta,52.8,14.2
2024-05-01,FORD,CORD_TUC_STAFE,Aleta/Ventilete,38.0,21.6
2024-05-01,FORD,CORD_TUC_STAFE,Custodia/Coleta,39.5,21.6
2024-05-01,FORD,CORD_TUC_STAFE,Luneta,113.1,33.6
2024-05-01,FORD,CORD_TUC_STAFE,Parabrisas,183.1,48.0
2024-05-01,FORD,CORD_TUC_STAFE,Puerta,49.8,15.5
2024-05-01,FORD,Rosario,Aleta/Ventilete,35.7,21.6
2024-05-01,FORD,Rosario,Custodia/Coleta,37.1,21.6
2024-05-01,FORD,Rosario,Luneta,106.3,33.6
2024-05-01,FORD,Rosario,Parabrisas,172.0,48.0
2024-05-01,FORD,Rosario,Puerta,46.8,15.5
2024-05-01,FORD,TIERRA DEL FUEGO,Aleta/Ventilete,69.1,38.8
2024-05-01,FORD,TIERRA DEL FUEGO,Custodia/Coleta,71.8,38.8
2024-05-01,FORD,TIERRA DEL FUEGO,Luneta,205.7,60.3
2024-05-01,FORD,TIERRA DEL FUEGO,Parabrisas,332.8,86.2
2024-05-01,FORD,TIERRA DEL FUEGO,Puerta,90.5,27.8
2024-05-01,PEUGEOT,CABA,Aleta/Ventilete,118.5,19.8
2024-05-01,PEUGEOT,CABA,Custodia/Coleta,66.3,19.8
2024-05-01,PEUGEOT,CABA,Luneta,129.4,31.5
2024-05-01,PEUGEOT,CABA,Parabrisas,204.3,43.9
2024-05-01,PEUGEOT,CABA,Puerta,45.0,14.2
2024-05-01,PEUGEOT,CORD_TUC_STAFE,Aleta/Ventilete,117.9,21.6
2024-05-01,PEUGEOT,CORD_TUC_STAFE,Custodia/Coleta,62.5,21.6
2024-05-01,PEUGEOT,CORD_TUC_STAFE,Luneta,122.0,34.5
2024-05-01,PEUGEOT,CORD_TUC_STAFE,Parabrisas,192.6,47.9
2024-05-01,PEUGEOT,CORD_TUC_STAFE,Puerta,42.5,15.5
2024-05-01,PEUGEOT,Rosario,Aleta/Ventilete,117.3,21.6
2024-05-01,PEUGEOT,Rosario,Custodia/Coleta,58.7,21.6
2024-05-01,PEUGEOT,Rosario,Luneta,114.6,34.5
2024-05-01,PEUGEOT,Rosario,Parabrisas,180.9,47.9
2024-05-01,PEUGEOT,Rosario,Puerta,39.9,15.5
2024-05-01,PEUGEOT,TIERRA DEL FUEGO,Aleta/Ventilete,126.1,38.8
2024-05-01,PEUGEOT,TIERRA DEL FUEGO,Custodia/Coleta,113.7,38.8
2024-05-01,PEUGEOT,TIERRA DEL FUEGO,Luneta,221.8,61.8
2024-05-01,PEUGEOT,TIERRA DEL FUEGO,Parabrisas,350.2,86.0
2024-05-01,PEUGEOT,TIERRA DEL FUEGO,Puerta,77.2,27.8
2024-05-01,RENAULT,CABA,Aleta/Ventilete,41.3,19.8
2024-05-01,RENAULT,CABA,Custodia/Coleta,95.3,19.8
2024-05-01,RENAULT,CABA,Luneta,103.8,28.8
2024-05-01,RENAULT,CABA,Parabrisas,156.7,43.3
2024-05-01,RENAULT,CABA,Puerta,47.1,14.2
2024-05-01,RENAULT,CORD_TUC_STAFE,Aleta/Ventilete,39.0,21.6
2024-05-01,RENAULT,CORD_TUC_STAFE,Custodia/Coleta,89.8,21.6
2024-05-01,RENAULT,CORD_TUC_STAFE,Luneta,97.8,31.5
2024-05-01,RENAULT,CORD_TUC_STAFE,Parabrisas,147.8,47.3
2024-05-01,RENAULT,CORD_TUC_STAFE,Puerta,44.4,15.5
2024-05-01,RENAULT,Rosario,Aleta/Ventilete,36.6,21.6
2024-05-01,RENAULT,Rosario,Custodia/Coleta,84.4,21.6
2024-05-01,RENAULT,Rosario,Luneta,91.9,31.5
2024-05-01,RENAULT,Rosario,Parabrisas,138.8,47.3
2024-05-01,RENAULT,Rosario,Puerta,41.7,15.5
2024-05-01,RENAULT,TIERRA DEL FUEGO,Aleta/Ventilete,70.8,38.8
2024-05-01,RENAULT,TIERRA DEL FUEGO,Custodia/Coleta,163.3,38.8
2024-05-01,RENAULT,TIERRA DEL FUEGO,Luneta,177.9,56.5
2024-05-01,RENAULT,TIERRA DEL FUEGO,Parabrisas,268.7,84.9
2024-05-01,RENAULT,TIERRA DEL FUEGO,Puerta,80.7,27.8
2024-05-01,TOYOTA,CABA,Aleta/Ventilete,36.1,19.8
2024-05-01,TOYOTA,CABA,Custodia/Coleta,126.9,19.8
2024-05-01,TOYOTA,CABA,Luneta,187.1,31.6
2024-05-01,TOYOTA,CABA,Parabrisas,209.4,44.3
2024-05-01,TOYOTA,CABA,Puerta,63.8,14.2
2024-05-01,TOYOTA,CORD_TUC_STAFE,Aleta/Ventilete,34.0,21.6
2024-05-01,TOYOTA,CORD_TUC_STAFE,Custodia/Coleta,119.7,21.6
2024-05-01,TOYOTA,CORD_TUC_STAFE,Luneta,176.4,34.5
2024-05-01,TOYOTA,CORD_TUC_STAFE,Parabrisas,197.4,48.4
2024-05-01,TOYOTA,CORD_TUC_STAFE,Puerta,60.1,15.5
2024-05-01,TOYOTA,Rosario,Aleta/Ventilete,31.9,21.6
2024-05-01,TOYOTA,Rosario,Custodia/Coleta,112.4,21.6
2024-05-01,TOYOTA,Rosario,Luneta,165.7,34.5
2024-05-01,TOYOTA,Rosario,Parabrisas,185.5,48.4
2024-05-01,TOYOTA,Rosario,Puerta,56.5,15.5
2024-05-01,TOYOTA,TIERRA DEL FUEGO,Aleta/Ventilete,61.8,38.8
2024-05-01,TOYOTA,TIERRA DEL FUEGO,Custodia/Coleta,217.6,38.8
2024-05-01,TOYOTA,TIERRA DEL FUEGO,Luneta,320.8,61.9
2024-05-01,TOYOTA,TIERRA DEL FUEGO,Parabrisas,359.0,86.7
2024-05-01,TOYOTA,TIERRA DEL FUEGO,Puerta,109.4,27.8
2024-05-01,VOLKSWAGEN,CABA,Aleta/Ventilete,38.4,19.8
2024-05-01,VOLKSWAGEN,CABA,Custodia/Coleta,49.8,19.8
2024-05-01,VOLKSWAGEN,CABA,Luneta,129.3,31.5
2024-05-01,VOLKSWAGEN,CABA,Parabrisas,171.8,44.2
2024-05-01,VOLKSWAGEN,CABA,Puerta,52.1,14.2
2024-05-01,VOLKSWAGEN,CORD_TUC_STAFE,Aleta/Ventilete,36.3,21.6
2024-05-01,VOLKSWAGEN,CORD_TUC_STAFE,Custodia/Coleta,47.0,21.6
2024-05-01,VOLKSWAGEN,CORD_TUC_STAFE,Luneta,121.9,34.4
2024-05-01,VOLKSWAGEN,CORD_TUC_STAFE,Parabrisas,162.0,48.3
2024-05-01,VOLKSWAGEN,CORD_TUC_STAFE,Puerta,49.1,15.5
2024-05-01,VOLKSWAGEN,Rosario,Aleta/Ventilete,34.1,21.6
2024-05-01,VOLKSWAGEN,Rosario,Custodia/Coleta,44.1,21.6
2024-05-01,VOLKSWAGEN,Rosario,Luneta,114.5,34.4
2024-05-01,VOLKSWAGEN,Rosario,Parabrisas,152.2,48.3
2024-05-01,VOLKSWAGEN,Rosario,Puerta,46.2,15.5
2024-05-01,VOLKSWAGEN,TIERRA DEL FUEGO,Aleta/Ventilete,65.9,38.8
2024-05-01,VOLKSWAGEN,TIERRA DEL FUEGO,Custodia/Coleta,85.4,38.8
2024-05-01,VOLKSWAGEN,TIERRA DEL FUEGO,Luneta,221.6,61.7
2024-05-01,VOLKSWAGEN,TIERRA DEL FUEGO,Parabrisas,294.6,86.6
2024-05-01,VOLKSWAGEN,TIERRA DEL FUEGO,Puerta,89.4,27.8
2024-07-01,CHEVROLET,CABA,Aleta/Ventilete,31.8,16.8
2024-07-01,CHEVROLET,CABA,Custodia/Coleta,83.3,16.8
2024-07-01,CHEVROLET,CABA,Luneta,91.5,26.8
2024-07-01,CHEVROLET,CABA,Parabrisas,136.5,37.2
2024-07-01,CHEVROLET,CABA,Puerta,43.4,12.0
2024-07-01,CHEVROLET,CORD_TUC_STAFE,Aleta/Ventilete,30.0,18.3
2024-07-01,CHEVROLET,CORD_TUC_STAFE,Custodia/Coleta,78.5,18.3
2024-07-01,CHEVROLET,CORD_TUC_STAFE,Luneta,86.3,29.3
2024-07-01,CHEVROLET,CORD_TUC_STAFE,Parabrisas,128.7,40.6
2024-07-01,CHEVROLET,CORD_TUC_STAFE,Puerta,40.9,13.1
2024-07-01,CHEVROLET,Rosario,Aleta/Ventilete,28.2,18.3
2024-07-01,CHEVROLET,Rosario,Custodia/Coleta,73.7,18.3
2024-07-01,CHEVROLET,Rosario,Luneta,81.0,29.3
2024-07-01,CHEVROLET,Rosario,Parabrisas,120.9,40.6
2024-07-01,CHEVROLET,Rosario,Puerta,38.4,13.1
2024-07-01,CHEVROLET,TIERRA DEL FUEGO,Aleta/Ventilete,54.6,32.8
2024-07-01,CHEVROLET,TIERRA DEL FUEGO,Custodia/Coleta,142.7,32.8
2024-07-01,CHEVROLET,TIERRA DEL FUEGO,Luneta,156.8,52.5
2024-07-01,CHEVROLET,TIERRA DEL FUEGO,Parabrisas,234.0,72.9
2024-07-01,CHEVROLET,TIERRA DEL FUEGO,Puerta,74.4,23.5
2024-07-01,FIAT,CABA,Aleta/Ventilete,25.8,16.8
2024-07-01,FIAT,CABA,Custodia/Coleta,63.2,16.8
2024-07-01,FIAT,CABA,Luneta,91.5,24.8
2024-07-01,FIAT,CABA,Parabrisas,144.3,37.6
2024-07-01,FIAT,CABA,Puerta,36.2,12.0
2024-07-01,FIAT,CORD_TUC_STAFE,Aleta/Ventilete,24.3,18.3
2024-07-01,FIAT,CORD_TUC_STAFE,Custodia/Coleta,59.6,18.3
2024-07-01,FIAT,CORD_TUC_STAFE,Luneta,86.2,27.0
2024-07-01,FIAT,CORD_TUC_STAFE,Parabrisas,136.1,41.1
2024-07-01,FIAT,CORD_TUC_STAFE,Puerta,34.1,13.1
2024-07-01,FIAT,Rosario,Aleta/Ventilete,22.9,18.3
2024-07-01,FIAT,Rosario,Custodia/Coleta,56.0,18.3
2024-07-01,FIAT,Rosario,Luneta,81.0,27.0
2024-07-01,FIAT,Rosario,Parabrisas,127.9,41.1
2024-07-01,FIAT,Rosario,Puerta,32.1,13.1
2024-07-01,FIAT,TIERRA DEL FUEGO,Aleta/Ventilete,44.3,32.8
2024-07-01,FIAT,TIERRA DEL FUEGO,Custodia/Coleta,108.4,32.8
2024-07-01,FIAT,TIERRA DEL FUEGO,Luneta,156.8,48.5
2024-07-01,FIAT,TIERRA DEL FUEGO,Parabrisas,247.5,73.7
2024-07-01,FIAT,TIERRA DEL FUEGO,Puerta,62.0,23.5
2024-07-01,FORD,CABA,Aleta/Ventilete,32.8,16.8
2024-07-01,FORD,CABA,Custodia/Coleta,34.8,16.8
2024-07-01,FORD,CABA,Luneta,99.5,26.1
2024-07-01,FORD,CABA,Parabrisas,163.4,37.2
2024-07-01,FORD,CABA,Puerta,42.9,12.0
2024-07-01,FORD,CORD_TUC_STAFE,Aleta/Ventilete,31.0,18.3
2024-07-01,FORD,CORD_TUC_STAFE,Custodia/Coleta,32.8,18.3
2024-07-01,FORD,CORD_TUC_STAFE,Luneta,93.8,28.5
2024-07-01,FORD,CORD_TUC_STAFE,Parabrisas,154.1,40.6
2024-07-01,FORD,CORD_TUC_STAFE,Puerta,40.4,13.1
2024-07-01,FORD,Rosario,Aleta/Ventilete,29.1,18.3
2024-07-01,FORD,Rosario,Custodia/Coleta,30.8,18.3
2024-07-01,FORD,Rosario,Luneta,88.1,28.5
2024-07-01,FORD,Rosario,Parabrisas,144.7,40.6
2024-07-01,FORD,Rosario,Puerta,38.0,13.1
2024-07-01,FORD,TIERRA DEL FUEGO,Aleta/Ventilete,56.3,32.8
2024-07-01,FORD,TIERRA DEL FUEGO,Custodia/Coleta,59.7,32.8
2024-07-01,FORD,TIERRA DEL FUEGO,Luneta,170.5,51.1
2024-07-01,FORD,TIERRA DEL FUEGO,Parabrisas,280.2,72.9
2024-07-01,FORD,TIERRA DEL FUEGO,Puerta,73.5,23.5
2024-07-01,PEUGEOT,CABA,Aleta/Ventilete,97.3,16.8
2024-07-01,PEUGEOT,CABA,Custodia/Coleta,54.0,16.8
2024-07-01,PEUGEOT,CABA,Luneta,107.6,26.7
2024-07-01,PEUGEOT,CABA,Parabrisas,172.9,37.1
2024-07-01,PEUGEOT,CABA,Puerta,36.7,12.0
2024-07-01,PEUGEOT,CORD_TUC_STAFE,Aleta/Ventilete,96.8,18.3
2024-07-01,PEUGEOT,CORD_TUC_STAFE,Custodia/Coleta,50.9,18.3
2024-07-01,PEUGEOT,CORD_TUC_STAFE,Luneta,101.4,29.1
2024-07-01,PEUGEOT,CORD_TUC_STAFE,Parabrisas,163.0,40.5
2024-07-01,PEUGEOT,CORD_TUC_STAFE,Puerta,34.6,13.1
2024-07-01,PEUGEOT,Rosario,Aleta/Ventilete,96.3,18.3
2024-07-01,PEUGEOT,Rosario,Custodia/Coleta,47.8,18.3
2024-07-01,PEUGEOT,Rosario,Luneta,95.3,29.1
2024-07-01,PEUGEOT,Rosario,Parabrisas,153.2,40.5
2024-07-01,PEUGEOT,Rosario,Puerta,32.5,13.1
2024-07-01,PEUGEOT,TIERRA DEL FUEGO,Aleta/Ventilete,103.6,32.8
2024-07-01,PEUGEOT,TIERRA DEL FUEGO,Custodia/Coleta,92.6,32.8
2024-07-01,PEUGEOT,TIERRA DEL FUEGO,Luneta,184.4,52.3
2024-07-01,PEUGEOT,TIERRA DEL FUEGO,Parabrisas,296.4,72.7
2024-07-01,PEUGEOT,TIERRA DEL FUEGO,Puerta,62.9,23.5
2024-07-01,RENAULT,CABA,Aleta/Ventilete,34.0,16.8
2024-07-01,RENAULT,CABA,Custodia/Coleta,78.0,16.8
2024-07-01,RENAULT,CABA,Luneta,86.8,24.4
2024-07-01,RENAULT,CABA,Parabrisas,131.9,36.6
2024-07-01,RENAULT,CABA,Puerta,38.4,12.0
2024-07-01,RENAULT,CORD_TUC_STAFE,Aleta/Ventilete,32.0,18.3
2024-07-01,RENAULT,CORD_TUC_STAFE,Custodia/Coleta,73.6,18.3
2024-07-01,RENAULT,CORD_TUC_STAFE,Luneta,81.8,26.7
2024-07-01,RENAULT,CORD_TUC_STAFE,Parabrisas,124.4,40.0
2024-07-01,RENAULT,CORD_TUC_STAFE,Puerta,36.2,13.1
2024-07-01,RENAULT,Rosario,Aleta/Ventilete,30.1,18.3
2024-07-01,RENAULT,Rosario,Custodia/Coleta,69.1,18.3
2024-07-01,RENAULT,Rosario,Luneta,76.8,26.7
2024-07-01,RENAULT,Rosario,Parabrisas,116.8,40.0
2024-07-01,RENAULT,Rosario,Puerta,34.0,13.1
2024-07-01,RENAULT,TIERRA DEL FUEGO,Aleta/Ventilete,58.2,32.8
2024-07-01,RENAULT,TIERRA DEL FUEGO,Custodia/Coleta,133.7,32.8
2024-07-01,RENAULT,TIERRA DEL FUEGO,Luneta,148.7,47.8
2024-07-01,RENAULT,TIERRA DEL FUEGO,Parabrisas,226.1,71.8
2024-07-01,RENAULT,TIERRA DEL FUEGO,Puerta,65.8,23.5
2024-07-01,TOYOTA,CABA,Aleta/Ventilete,29.5,16.8
2024-07-01,TOYOTA,CABA,Custodia/Coleta,103.4,16.8
2024-07-01,TOYOTA,CABA,Luneta,155.2,26.7
2024-07-01,TOYOTA,CABA,Parabrisas,175.4,37.4
2024-07-01,TOYOTA,CABA,Puerta,52.1,12.0
2024-07-01,TOYOTA,CORD_TUC_STAFE,Aleta/Ventilete,27.8,18.3
2024-07-01,TOYOTA,CORD_TUC_STAFE,Custodia/Coleta,97.5,18.3
2024-07-01,TOYOTA,CORD_TUC_STAFE,Luneta,146.3,29.2
2024-07-01,TOYOTA,CORD_TUC_STAFE,Parabrisas,165.4,40.9
2024-07-01,TOYOTA,CORD_TUC_STAFE,Puerta,49.1,13.1
2024-07-01,TOYOTA,Rosario,Aleta/Ventilete,26.1,18.3
2024-07-01,TOYOTA,Rosario,Custodia/Coleta,91.6,18.3
2024-07-01,TOYOTA,Rosario,Luneta,137.4,29.2
2024-07-01,TOYOTA,Rosario,Parabrisas,155.4,40.9
2024-07-01,TOYOTA,Rosario,Puerta,46.1,13.1
2024-07-01,TOYOTA,TIERRA DEL FUEGO,Aleta/Ventilete,50.5,32.8
2024-07-01,TOYOTA,TIERRA DEL FUEGO,Custodia/Coleta,177.2,32.8
2024-07-01,TOYOTA,TIERRA DEL FUEGO,Luneta,266.0,52.3
2024-07-01,TOYOTA,TIERRA DEL FUEGO,Parabrisas,300.7,73.4
2024-07-01,TOYOTA,TIERRA DEL FUEGO,Puerta,89.3,23.5
2024-07-01,VOLKSWAGEN,CABA,Aleta/Ventilete,31.3,16.8
2024-07-01,VOLKSWAGEN,CABA,Custodia/Coleta,40.6,16.8
2024-07-01,VOLKSWAGEN,CABA,Luneta,106.0,26.6
2024-07-01,VOLKSWAGEN,CABA,Parabrisas,144.3,37.7
2024-07-01,VOLKSWAGEN,CABA,Puerta,42.4,12.0
2024-07-01,VOLKSWAGEN,CORD_TUC_STAFE,Aleta/Ventilete,29.5,18.3
2024-07-01,VOLKSWAGEN,CORD_TUC_STAFE,Custodia/Coleta,38.3,18.3
2024-07-01,VOLKSWAGEN,CORD_TUC_STAFE,Luneta,99.9,29.1
2024-07-01,VOLKSWAGEN,CORD_TUC_STAFE,Parabrisas,136.0,41.2
2024-07-01,VOLKSWAGEN,CORD_TUC_STAFE,Puerta,40.0,13.1
2024-07-01,VOLKSWAGEN,Rosario,Aleta/Ventilete,27.7,18.3
2024-07-01,VOLKSWAGEN,Rosario,Custodia/Coleta,35.9,18.3
2024-07-01,VOLKSWAGEN,Rosario,Luneta,93.9,29.1
2024-07-01,VOLKSWAGEN,Rosario,Parabrisas,127.8,41.2
2024-07-01,VOLKSWAGEN,Rosario,Puerta,37.6,13.1
2024-07-01,VOLKSWAGEN,TIERRA DEL FUEGO,Aleta/Ventilete,53.7,32.8
2024-07-01,VOLKSWAGEN,TIERRA DEL FUEGO,Custodia/Coleta,69.6,32.8
2024-07-01,VOLKSWAGEN,TIERRA DEL FUEGO,Luneta,181.7,52.2
2024-07-01,VOLKSWAGEN,TIERRA DEL FUEGO,Parabrisas,247.4,73.8
2024-07-01,VOLKSWAGEN,TIERRA DEL FUEGO,Puerta,72.8,23.5
2024-10-01,CHEVROLET,CABA,Aleta/Ventilete,38.1,22.1
2024-10-01,CHEVROLET,CABA,Custodia/Coleta,98.4,22.1
2024-10-01,CHEVROLET,CABA,Luneta,108.6,34.8
2024-10-01,CHEVROLET,CABA,Parabrisas,165.3,48.2
2024-10-01,CHEVROLET,CABA,Puerta,51.2,15.8
2024-10-01,CHEVROLET,CORD_TUC_STAFE,Aleta/Ventilete,36.0,24.2
2024-10-01,CHEVROLET,CORD_TUC_STAFE,Custodia/Coleta,92.8,24.2
2024-10-01,CHEVROLET,CORD_TUC_STAFE,Luneta,102.4,38.0
2024-10-01,CHEVROLET,CORD_TUC_STAFE,Parabrisas,155.9,52.7
2024-10-01,CHEVROLET,CORD_TUC_STAFE,Puerta,48.2,17.3
2024-10-01,CHEVROLET,Rosario,Aleta/Ventilete,33.8,24.2
2024-10-01,CHEVROLET,Rosario,Custodia/Coleta,87.2,24.2
2024-10-01,CHEVROLET,Rosario,Luneta,96.2,38.0
2024-10-01,CHEVROLET,Rosario,Parabrisas,146.4,52.7
2024-10-01,CHEVROLET,Rosario,Puerta,45.3,17.3
2024-10-01,CHEVROLET,TIERRA DEL FUEGO,Aleta/Ventilete,65.4,43.4
2024-10-01,CHEVROLET,TIERRA DEL FUEGO,Custodia/Coleta,168.8,43.4
2024-10-01,CHEVROLET,TIERRA DEL FUEGO,Luneta,186.2,68.1
2024-10-01,CHEVROLET,TIERRA DEL FUEGO,Parabrisas,283.4,94.5
2024-10-01,CHEVROLET,TIERRA DEL FUEGO,Puerta,87.7,31.0
2024-10-01,FIAT,CABA,Aleta/Ventilete,30.1,22.1
2024-10-01,FIAT,CABA,Custodia/Coleta,74.6,22.1
2024-10-01,FIAT,CABA,Luneta,108.8,32.2
2024-10-01,FIAT,CABA,Parabrisas,175.8,48.8
2024-10-01,FIAT,CABA,Puerta,42.7,15.8
2024-10-01,FIAT,CORD_TUC_STAFE,Aleta/Ventilete,28.4,24.2
2024-10-01,FIAT,CORD_TUC_STAFE,Custodia/Coleta,70.3,24.2
2024-10-01,FIAT,CORD_TUC_STAFE,Luneta,102.6,35.2
2024-10-01,FIAT,CORD_TUC_STAFE,Parabrisas,165.8,53.3
2024-10-01,FIAT,CORD_TUC_STAFE,Puerta,40.2,17.3
2024-10-01,FIAT,Rosario,Aleta/Ventilete,26.7,24.2
2024-10-01,FIAT,Rosario,Custodia/Coleta,66.0,24.2
2024-10-01,FIAT,Rosario,Luneta,96.4,35.2
2024-10-01,FIAT,Rosario,Parabrisas,155.7,53.3
2024-10-01,FIAT,Rosario,Puerta,37.8,17.3
2024-10-01,FIAT,TIERRA DEL FUEGO,Aleta/Ventilete,51.7,43.4
2024-10-01,FIAT,TIERRA DEL FUEGO,Custodia/Coleta,127.8,43.4
2024-10-01,FIAT,TIERRA DEL FUEGO,Luneta,186.6,63.1
2024-10-01,FIAT,TIERRA DEL FUEGO,Parabrisas,301.4,95.6
2024-10-01,FIAT,TIERRA DEL FUEGO,Puerta,73.1,31.0
2024-10-01,FORD,CABA,Aleta/Ventilete,38.7,22.1
2024-10-01,FORD,CABA,Custodia/Coleta,42.8,22.1
2024-10-01,FORD,CABA,Luneta,118.5,33.9
2024-10-01,FORD,CABA,Parabrisas,197.6,48.2
2024-10-01,FORD,CABA,Puerta,50.6,15.8
2024-10-01,FORD,CORD_TUC_STAFE,Aleta/Ventilete,36.5,24.2
2024-10-01,FORD,CORD_TUC_STAFE,Custodia/Coleta,40.3,24.2
2024-10-01,FORD,CORD_TUC_STAFE,Luneta,111.7,37.0
2024-10-01,FORD,CORD_TUC_STAFE,Parabrisas,186.3,52.7
2024-10-01,FORD,CORD_TUC_STAFE,Puerta,47.7,17.3
2024-10-01,FORD,Rosario,Aleta/Ventilete,34.3,24.2
2024-10-01,FORD,Rosario,Custodia/Coleta,37.9,24.2
2024-10-01,FORD,Rosario,Luneta,105.0,37.0
2024-10-01,FORD,Rosario,Parabrisas,175.0,52.7
2024-10-01,FORD,Rosario,Puerta,44.8,17.3
2024-10-01,FORD,TIERRA DEL FUEGO,Aleta/Ventilete,66.4,43.4
2024-10-01,FORD,TIERRA DEL FUEGO,Custodia/Coleta,73.3,43.4
2024-10-01,FORD,TIERRA DEL FUEGO,Luneta,203.1,66.4
2024-10-01,FORD,TIERRA DEL FUEGO,Parabrisas,338.8,94.6
2024-10-01,FORD,TIERRA DEL FUEGO,Puerta,86.7,31.0
2024-10-01,PEUGEOT,CABA,Aleta/Ventilete,115.6,22.1
2024-10-01,PEUGEOT,CABA,Custodia/Coleta,63.7,22.1
2024-10-01,PEUGEOT,CABA,Luneta,129.1,34.6
2024-10-01,PEUGEOT,CABA,Parabrisas,210.6,48.1
2024-10-01,PEUGEOT,CABA,Puerta,43.3,15.8
2024-10-01,PEUGEOT,CORD_TUC_STAFE,Aleta/Ventilete,115.0,24.2
2024-10-01,PEUGEOT,CORD_TUC_STAFE,Custodia/Coleta,60.0,24.2
2024-10-01,PEUGEOT,CORD_TUC_STAFE,Luneta,121.7,37.8
2024-10-01,PEUGEOT,CORD_TUC_STAFE,Parabrisas,198.5,52.6
2024-10-01,PEUGEOT,CORD_TUC_STAFE,Puerta,40.8,17.3
2024-10-01,PEUGEOT,Rosario,Aleta/Ventilete,114.4,24.2
2024-10-01,PEUGEOT,Rosario,Custodia/Coleta,56.4,24.2
2024-10-01,PEUGEOT,Rosario,Luneta,114.4,37.8
2024-10-01,PEUGEOT,Rosario,Parabrisas,186.5,52.6
2024-10-01,PEUGEOT,Rosario,Puerta,38.3,17.3
2024-10-01,PEUGEOT,TIERRA DEL FUEGO,Aleta/Ventilete,123.0,43.4
2024-10-01,PEUGEOT,TIERRA DEL FUEGO,Custodia/Coleta,109.2,43.4
2024-10-01,PEUGEOT,TIERRA DEL FUEGO,Luneta,221.3,67.8
2024-10-01,PEUGEOT,TIERRA DEL FUEGO,Parabrisas,361.0,94.3
2024-10-01,PEUGEOT,TIERRA DEL FUEGO,Puerta,74.2,31.0
2024-10-01,RENAULT,CABA,Aleta/Ventilete,40.3,22.1
2024-10-01,RENAULT,CABA,Custodia/Coleta,92.4,22.1
2024-10-01,RENAULT,CABA,Luneta,104.9,31.7
2024-10-01,RENAULT,CABA,Parabrisas,159.9,47.5
2024-10-01,RENAULT,CABA,Puerta,45.3,15.8
2024-10-01,RENAULT,CORD_TUC_STAFE,Aleta/Ventilete,38.0,24.2
2024-10-01,RENAULT,CORD_TUC_STAFE,Custodia/Coleta,87.1,24.2
2024-10-01,RENAULT,CORD_TUC_STAFE,Luneta,98.9,34.7
2024-10-01,RENAULT,CORD_TUC_STAFE,Parabrisas,150.8,51.9
2024-10-01,RENAULT,CORD_TUC_STAFE,Puerta,42.7,17.3
2024-10-01,RENAULT,Rosario,Aleta/Ventilete,35.7,24.2
2024-10-01,RENAULT,Rosario,Custodia/Coleta,81.9,24.2
2024-10-01,RENAULT,Rosario,Luneta,92.9,34.7
2024-10-01,RENAULT,Rosario,Parabrisas,141.6,51.9
2024-10-01,RENAULT,Rosario,Puerta,40.1,17.3
2024-10-01,RENAULT,TIERRA DEL FUEGO,Aleta/Ventilete,69.2,43.4
2024-10-01,RENAULT,TIERRA DEL FUEGO,Custodia/Coleta,158.4,43.4
2024-10-01,RENAULT,TIERRA DEL FUEGO,Luneta,179.7,62.2
2024-10-01,RENAULT,TIERRA DEL FUEGO,Parabrisas,274.1,93.1
2024-10-01,RENAULT,TIERRA DEL FUEGO,Puerta,77.7,31.0
2024-10-01,TOYOTA,CABA,Aleta/Ventilete,34.4,22.5
2024-10-01,TOYOTA,CABA,Custodia/Coleta,121.9,22.1
2024-10-01,TOYOTA,CABA,Luneta,184.5,34.7
2024-10-01,TOYOTA,CABA,Parabrisas,211.5,48.3
2024-10-01,TOYOTA,CABA,Puerta,61.9,16.5
2024-10-01,TOYOTA,CORD_TUC_STAFE,Aleta/Ventilete,32.4,24.6
2024-10-01,TOYOTA,CORD_TUC_STAFE,Custodia/Coleta,114.9,24.2
2024-10-01,TOYOTA,CORD_TUC_STAFE,Luneta,174.0,37.9
2024-10-01,TOYOTA,CORD_TUC_STAFE,Parabrisas,199.4,52.8
2024-10-01,TOYOTA,CORD_TUC_STAFE,Puerta,58.4,18.1
2024-10-01,TOYOTA,Rosario,Aleta/Ventilete,30.4,24.6
2024-10-01,TOYOTA,Rosario,Custodia/Coleta,108.0,24.2
2024-10-01,TOYOTA,Rosario,Luneta,163.4,37.9
2024-10-01,TOYOTA,Rosario,Parabrisas,187.3,52.8
2024-10-01,TOYOTA,Rosario,Puerta,54.8,18.1
2024-10-01,TOYOTA,TIERRA DEL FUEGO,Aleta/Ventilete,58.9,44.1
2024-10-01,TOYOTA,TIERRA DEL FUEGO,Custodia/Coleta,208.9,43.4
2024-10-01,TOYOTA,TIERRA DEL FUEGO,Luneta,316.3,67.9
2024-10-01,TOYOTA,TIERRA DEL FUEGO,Parabrisas,362.6,94.7
2024-10-01,TOYOTA,TIERRA DEL FUEGO,Puerta,106.1,32.4
2024-10-01,VOLKSWAGEN,CABA,Aleta/Ventilete,36.9,22.1
2024-10-01,VOLKSWAGEN,CABA,Custodia/Coleta,46.9,22.6
2024-10-01,VOLKSWAGEN,CABA,Luneta,125.7,34.5
2024-10-01,VOLKSWAGEN,CABA,Parabrisas,174.7,48.7
2024-10-01,VOLKSWAGEN,CABA,Puerta,50.4,16.0
2024-10-01,VOLKSWAGEN,CORD_TUC_STAFE,Aleta/Ventilete,34.8,24.2
2024-10-01,VOLKSWAGEN,CORD_TUC_STAFE,Custodia/Coleta,44.2,24.7
2024-10-01,VOLKSWAGEN,CORD_TUC_STAFE,Luneta,118.5,37.7
2024-10-01,VOLKSWAGEN,CORD_TUC_STAFE,Parabrisas,164.7,53.2
2024-10-01,VOLKSWAGEN,CORD_TUC_STAFE,Puerta,47.5,17.5
2024-10-01,VOLKSWAGEN,Rosario,Aleta/Ventilete,32.7,24.2
2024-10-01,VOLKSWAGEN,Rosario,Custodia/Coleta,41.5,24.7
2024-10-01,VOLKSWAGEN,Rosario,Luneta,111.3,37.7
2024-10-01,VOLKSWAGEN,Rosario,Parabrisas,154.7,53.2
2024-10-01,VOLKSWAGEN,Rosario,Puerta,44.6,17.5
2024-10-01,VOLKSWAGEN,TIERRA DEL FUEGO,Aleta/Ventilete,63.3,43.4
2024-10-01,VOLKSWAGEN,TIERRA DEL FUEGO,Custodia/Coleta,80.3,44.4
2024-10-01,VOLKSWAGEN,TIERRA DEL FUEGO,Luneta,215.5,67.7
2024-10-01,VOLKSWAGEN,TIERRA DEL FUEGO,Parabrisas,299.5,95.5
2024-10-01,VOLKSWAGEN,TIERRA DEL FUEGO,Puerta,86.3,31.4
2025-01-01,CHEVROLET,CABA,Aleta/Ventilete,37.7,21.8
2025-01-01,CHEVROLET,CABA,Custodia/Coleta,97.2,21.8
2025-01-01,CHEVROLET,CABA,Luneta,107.2,34.3
2025-01-01,CHEVROLET,CABA,Parabrisas,163.2,47.6
2025-01-01,CHEVROLET,CABA,Puerta,50.3,15.6
2025-01-01,CHEVROLET,CORD_TUC_STAFE,Aleta/Ventilete,35.5,23.9
2025-01-01,CHEVROLET,CORD_TUC_STAFE,Custodia/Coleta,91.6,23.9
2025-01-01,CHEVROLET,CORD_TUC_STAFE,Luneta,101.1,37.5
2025-01-01,CHEVROLET,CORD_TUC_STAFE,Parabrisas,153.9,52.0
2025-01-01,CHEVROLET,CORD_TUC_STAFE,Puerta,47.4,17.1
2025-01-01,CHEVROLET,Rosario,Aleta/Ventilete,33.4,23.9
2025-01-01,CHEVROLET,Rosario,Custodia/Coleta,86.1,23.9
2025-01-01,CHEVROLET,Rosario,Luneta,95.0,37.5
2025-01-01,CHEVROLET,Rosario,Parabrisas,144.5,52.0
2025-01-01,CHEVROLET,Rosario,Puerta,44.5,17.1
2025-01-01,CHEVROLET,TIERRA DEL FUEGO,Aleta/Ventilete,64.6,42.8
2025-01-01,CHEVROLET,TIERRA DEL FUEGO,Custodia/Coleta,166.6,42.8
2025-01-01,CHEVROLET,TIERRA DEL FUEGO,Luneta,183.8,67.2
2025-01-01,CHEVROLET,TIERRA DEL FUEGO,Parabrisas,279.8,93.3
2025-01-01,CHEVROLET,TIERRA DEL FUEGO,Puerta,86.2,30.6
2025-01-01,FIAT,CABA,Aleta/Ventilete,33.7,21.8
2025-01-01,FIAT,CABA,Custodia/Coleta,73.6,21.8
2025-01-01,FIAT,CABA,Luneta,107.4,31.8
2025-01-01,FIAT,CABA,Parabrisas,173.7,48.2
2025-01-01,FIAT,CABA,Puerta,42.7,15.6
2025-01-01,FIAT,CORD_TUC_STAFE,Aleta/Ventilete,31.8,23.9
2025-01-01,FIAT,CORD_TUC_STAFE,Custodia/Coleta,69.4,23.9
2025-01-01,FIAT,CORD_TUC_STAFE,Luneta,101.3,34.7
2025-01-01,FIAT,CORD_TUC_STAFE,Parabrisas,163.8,52.6
2025-01-01,FIAT,CORD_TUC_STAFE,Puerta,40.3,17.1
2025-01-01,FIAT,Rosario,Aleta/Ventilete,29.9,23.9
2025-01-01,FIAT,Rosario,Custodia/Coleta,65.2,23.9
2025-01-01,FIAT,Rosario,Luneta,95.1,34.7
2025-01-01,FIAT,Rosario,Parabrisas,153.9,52.6
2025-01-01,FIAT,Rosario,Puerta,37.8,17.1
2025-01-01,FIAT,TIERRA DEL FUEGO,Aleta/Ventilete,57.9,42.8
2025-01-01,FIAT,TIERRA DEL FUEGO,Custodia/Coleta,126.2,42.8
2025-01-01,FIAT,TIERRA DEL FUEGO,Luneta,184.2,62.3
2025-01-01,FIAT,TIERRA DEL FUEGO,Parabrisas,297.8,94.4
2025-01-01,FIAT,TIERRA DEL FUEGO,Puerta,73.2,30.6
2025-01-01,FORD,CABA,Aleta/Ventilete,40.4,21.8
2025-01-01,FORD,CABA,Custodia/Coleta,42.2,21.8
2025-01-01,FORD,CABA,Luneta,117.0,33.4
2025-01-01,FORD,CABA,Parabrisas,195.1,47.6
2025-01-01,FORD,CABA,Puerta,49.9,15.6
2025-01-01,FORD,CORD_TUC_STAFE,Aleta/Ventilete,38.1,23.9
2025-01-01,FORD,CORD_TUC_STAFE,Custodia/Coleta,39.8,23.9
2025-01-01,FORD,CORD_TUC_STAFE,Luneta,110.3,36.5
2025-01-01,FORD,CORD_TUC_STAFE,Parabrisas,183.9,52.0
2025-01-01,FORD,CORD_TUC_STAFE,Puerta,47.1,17.1
2025-01-01,FORD,Rosario,Aleta/Ventilete,35.8,23.9
2025-01-01,FORD,Rosario,Custodia/Coleta,37.4,23.9
2025-01-01,FORD,Rosario,Luneta,103.6,36.5
2025-01-01,FORD,Rosario,Parabrisas,172.8,52.0
2025-01-01,FORD,Rosario,Puerta,44.2,17.1
2025-01-01,FORD,TIERRA DEL FUEGO,Aleta/Ventilete,69.3,42.8
2025-01-01,FORD,TIERRA DEL FUEGO,Custodia/Coleta,72.4,42.8
2025-01-01,FORD,TIERRA DEL FUEGO,Luneta,200.5,65.5
2025-01-01,FORD,TIERRA DEL FUEGO,Parabrisas,334.4,93.3
2025-01-01,FORD,TIERRA DEL FUEGO,Puerta,85.6,30.6
2025-01-01,PEUGEOT,CABA,Aleta/Ventilete,114.1,21.8
2025-01-01,PEUGEOT,CABA,Custodia/Coleta,62.8,21.8
2025-01-01,PEUGEOT,CABA,Luneta,128.0,34.2
2025-01-01,PEUGEOT,CABA,Parabrisas,208.4,47.5
2025-01-01,PEUGEOT,CABA,Puerta,42.4,15.6
2025-01-01,PEUGEOT,CORD_TUC_STAFE,Aleta/Ventilete,113.5,23.9
2025-01-01,PEUGEOT,CORD_TUC_STAFE,Custodia/Coleta,59.3,23.9
2025-01-01,PEUGEOT,CORD_TUC_STAFE,Luneta,120.7,37.3
2025-01-01,PEUGEOT,CORD_TUC_STAFE,Parabrisas,196.5,51.9
2025-01-01,PEUGEOT,CORD_TUC_STAFE,Puerta,40.0,17.1
2025-01-01,PEUGEOT,Rosario,Aleta/Ventilete,113.0,23.9
2025-01-01,PEUGEOT,Rosario,Custodia/Coleta,55.7,23.9
2025-01-01,PEUGEOT,Rosario,Luneta,113.4,37.3
2025-01-01,PEUGEOT,Rosario,Parabrisas,184.6,51.9
2025-01-01,PEUGEOT,Rosario,Puerta,37.6,17.1
2025-01-01,PEUGEOT,TIERRA DEL FUEGO,Aleta/Ventilete,121.4,42.8
2025-01-01,PEUGEOT,TIERRA DEL FUEGO,Custodia/Coleta,107.7,42.8
2025-01-01,PEUGEOT,TIERRA DEL FUEGO,Luneta,219.4,67.0
2025-01-01,PEUGEOT,TIERRA DEL FUEGO,Parabrisas,357.2,93.1
2025-01-01,PEUGEOT,TIERRA DEL FUEGO,Puerta,72.7,30.6
2025-01-01,RENAULT,CABA,Aleta/Ventilete,39.8,21.8
2025-01-01,RENAULT,CABA,Custodia/Coleta,91.2,21.8
2025-01-01,RENAULT,CABA,Luneta,103.5,31.4
2025-01-01,RENAULT,CABA,Parabrisas,158.2,46.9
2025-01-01,RENAULT,CABA,Puerta,45.3,15.6
2025-01-01,RENAULT,CORD_TUC_STAFE,Aleta/Ventilete,37.5,23.9
2025-01-01,RENAULT,CORD_TUC_STAFE,Custodia/Coleta,86.0,23.9
2025-01-01,RENAULT,CORD_TUC_STAFE,Luneta,97.6,34.3
2025-01-01,RENAULT,CORD_TUC_STAFE,Parabrisas,149.2,51.2
2025-01-01,RENAULT,CORD_TUC_STAFE,Puerta,42.7,17.1
2025-01-01,RENAULT,Rosario,Aleta/Ventilete,35.3,23.9
2025-01-01,RENAULT,Rosario,Custodia/Coleta,80.8,23.9
2025-01-01,RENAULT,Rosario,Luneta,91.7,34.3
2025-01-01,RENAULT,Rosario,Parabrisas,140.2,51.2
2025-01-01,RENAULT,Rosario,Puerta,40.1,17.1
2025-01-01,RENAULT,TIERRA DEL FUEGO,Aleta/Ventilete,68.3,42.8
2025-01-01,RENAULT,TIERRA DEL FUEGO,Custodia/Coleta,156.4,42.8
2025-01-01,RENAULT,TIERRA DEL FUEGO,Luneta,177.4,61.5
2025-01-01,RENAULT,TIERRA DEL FUEGO,Parabrisas,271.3,91.9
2025-01-01,RENAULT,TIERRA DEL FUEGO,Puerta,77.6,30.6
2025-01-01,TOYOTA,CABA,Aleta/Ventilete,33.9,22.2
2025-01-01,TOYOTA,CABA,Custodia/Coleta,120.3,21.8
2025-01-01,TOYOTA,CABA,Luneta,182.1,34.2
2025-01-01,TOYOTA,CABA,Parabrisas,208.6,47.7
2025-01-01,TOYOTA,CABA,Puerta,61.4,16.3
2025-01-01,TOYOTA,CORD_TUC_STAFE,Aleta/Ventilete,32.0,24.2
2025-01-01,TOYOTA,CORD_TUC_STAFE,Custodia/Coleta,113.4,23.9
2025-01-01,TOYOTA,CORD_TUC_STAFE,Luneta,171.7,37.4
2025-01-01,TOYOTA,CORD_TUC_STAFE,Parabrisas,196.7,52.1
2025-01-01,TOYOTA,CORD_TUC_STAFE,Puerta,57.9,17.8
2025-01-01,TOYOTA,Rosario,Aleta/Ventilete,30.0,24.2
2025-01-01,TOYOTA,Rosario,Custodia/Coleta,106.6,23.9
2025-01-01,TOYOTA,Rosario,Luneta,161.3,37.4
2025-01-01,TOYOTA,Rosario,Parabrisas,184.8,52.1
2025-01-01,TOYOTA,Rosario,Puerta,54.4,17.8
2025-01-01,TOYOTA,TIERRA DEL FUEGO,Aleta/Ventilete,58.2,43.5
2025-01-01,TOYOTA,TIERRA DEL FUEGO,Custodia/Coleta,206.2,42.8
2025-01-01,TOYOTA,TIERRA DEL FUEGO,Luneta,312.2,67.0
2025-01-01,TOYOTA,TIERRA DEL FUEGO,Parabrisas,357.6,93.4
2025-01-01,TOYOTA,TIERRA DEL FUEGO,Puerta,105.3,32.0
2025-01-01,VOLKSWAGEN,CABA,Aleta/Ventilete,36.4,21.8
2025-01-01,VOLKSWAGEN,CABA,Custodia/Coleta,46.3,22.4
2025-01-01,VOLKSWAGEN,CABA,Luneta,124.1,34.1
2025-01-01,VOLKSWAGEN,CABA,Parabrisas,176.3,48.2
2025-01-01,VOLKSWAGEN,CABA,Puerta,49.7,15.8
2025-01-01,VOLKSWAGEN,CORD_TUC_STAFE,Aleta/Ventilete,34.4,23.9
2025-01-01,VOLKSWAGEN,CORD_TUC_STAFE,Custodia/Coleta,43.6,24.4
2025-01-01,VOLKSWAGEN,CORD_TUC_STAFE,Luneta,117.0,37.2
2025-01-01,VOLKSWAGEN,CORD_TUC_STAFE,Parabrisas,166.3,52.6
2025-01-01,VOLKSWAGEN,CORD_TUC_STAFE,Puerta,46.9,17.3
2025-01-01,VOLKSWAGEN,Rosario,Aleta/Ventilete,32.3,23.9
2025-01-01,VOLKSWAGEN,Rosario,Custodia/Coleta,41.0,24.4
2025-01-01,VOLKSWAGEN,Rosario,Luneta,109.9,37.2
2025-01-01,VOLKSWAGEN,Rosario,Parabrisas,156.2,52.6
2025-01-01,VOLKSWAGEN,Rosario,Puerta,44.0,17.3
2025-01-01,VOLKSWAGEN,TIERRA DEL FUEGO,Aleta/Ventilete,62.5,42.8
2025-01-01,VOLKSWAGEN,TIERRA DEL FUEGO,Custodia/Coleta,79.3,43.8
2025-01-01,VOLKSWAGEN,TIERRA DEL FUEGO,Luneta,212.8,66.8
2025-01-01,VOLKSWAGEN,TIERRA DEL FUEGO,Parabrisas,302.3,94.4
2025-01-01,VOLKSWAGEN,TIERRA DEL FUEGO,Puerta,85.2,31.0
2025-04-01,CHEVROLET,CABA,Aleta/Ventilete,36.1,22.9
2025-04-01,CHEVROLET,CABA,Custodia/Coleta,96.3,22.9
2025-04-01,CHEVROLET,CABA,Luneta,108.2,36.0
2025-04-01,CHEVROLET,CABA,Parabrisas,164.2,49.9
2025-04-01,CHEVROLET,CABA,Puerta,50.7,16.4
2025-04-01,CHEVROLET,CORD_TUC_STAFE,Aleta/Ventilete,34.0,25.0
2025-04-01,CHEVROLET,CORD_TUC_STAFE,Custodia/Coleta,90.8,25.0
2025-04-01,CHEVROLET,CORD_TUC_STAFE,Luneta,102.0,39.4
2025-04-01,CHEVROLET,CORD_TUC_STAFE,Parabrisas,154.9,54.6
2025-04-01,CHEVROLET,CORD_TUC_STAFE,Puerta,47.8,17.9
2025-04-01,CHEVROLET,Rosario,Aleta/Ventilete,31.9,25.0
2025-04-01,CHEVROLET,Rosario,Custodia/Coleta,85.3,25.0
2025-04-01,CHEVROLET,Rosario,Luneta,95.8,39.4
2025-04-01,CHEVROLET,Rosario,Parabrisas,145.5,54.6
2025-04-01,CHEVROLET,Rosario,Puerta,44.9,17.9
2025-04-01,CHEVROLET,TIERRA DEL FUEGO,Aleta/Ventilete,61.8,44.9
2025-04-01,CHEVROLET,TIERRA DEL FUEGO,Custodia/Coleta,165.2,44.9
2025-04-01,CHEVROLET,TIERRA DEL FUEGO,Luneta,185.5,70.6
2025-04-01,CHEVROLET,TIERRA DEL FUEGO,Parabrisas,281.6,97.9
2025-04-01,CHEVROLET,TIERRA DEL FUEGO,Puerta,86.9,32.1
2025-04-01,FIAT,CABA,Aleta/Ventilete,33.3,22.9
2025-04-01,FIAT,CABA,Custodia/Coleta,74.5,22.9
2025-04-01,FIAT,CABA,Luneta,106.5,33.4
2025-04-01,FIAT,CABA,Parabrisas,175.6,50.5
2025-04-01,FIAT,CABA,Puerta,41.8,16.4
2025-04-01,FIAT,CORD_TUC_STAFE,Aleta/Ventilete,31.4,25.0
2025-04-01,FIAT,CORD_TUC_STAFE,Custodia/Coleta,70.3,25.0
2025-04-01,FIAT,CORD_TUC_STAFE,Luneta,100.4,36.5
2025-04-01,FIAT,CORD_TUC_STAFE,Parabrisas,165.6,55.2
2025-04-01,FIAT,CORD_TUC_STAFE,Puerta,39.4,17.9
2025-04-01,FIAT,Rosario,Aleta/Ventilete,29.5,25.0
2025-04-01,FIAT,Rosario,Custodia/Coleta,66.0,25.0
2025-04-01,FIAT,Rosario,Luneta,94.3,36.5
2025-04-01,FIAT,Rosario,Parabrisas,155.5,55.2
2025-04-01,FIAT,Rosario,Puerta,37.0,17.9
2025-04-01,FIAT,TIERRA DEL FUEGO,Aleta/Ventilete,57.0,44.9
2025-04-01,FIAT,TIERRA DEL FUEGO,Custodia/Coleta,127.8,44.9
2025-04-01,FIAT,TIERRA DEL FUEGO,Luneta,182.6,65.4
2025-04-01,FIAT,TIERRA DEL FUEGO,Parabrisas,301.0,99.0
2025-04-01,FIAT,TIERRA DEL FUEGO,Puerta,71.7,32.1
2025-04-01,FORD,CABA,Aleta/Ventilete,38.0,22.9
2025-04-01,FORD,CABA,Custodia/Coleta,41.1,22.9
2025-04-01,FORD,CABA,Luneta,121.1,35.1
2025-04-01,FORD,CABA,Parabrisas,197.2,50.0
2025-04-01,FORD,CABA,Puerta,48.7,16.4
2025-04-01,FORD,CORD_TUC_STAFE,Aleta/Ventilete,35.8,25.0
2025-04-01,FORD,CORD_TUC_STAFE,Custodia/Coleta,38.8,25.0
2025-04-01,FORD,CORD_TUC_STAFE,Luneta,114.2,38.3
2025-04-01,FORD,CORD_TUC_STAFE,Parabrisas,185.9,54.6
2025-04-01,FORD,CORD_TUC_STAFE,Puerta,45.9,17.9
2025-04-01,FORD,Rosario,Aleta/Ventilete,33.7,25.0
2025-04-01,FORD,Rosario,Custodia/Coleta,36.4,25.0
2025-04-01,FORD,Rosario,Luneta,107.3,38.3
2025-04-01,FORD,Rosario,Parabrisas,174.6,54.6
2025-04-01,FORD,Rosario,Puerta,43.1,17.9
2025-04-01,FORD,TIERRA DEL FUEGO,Aleta/Ventilete,65.1,44.9
2025-04-01,FORD,TIERRA DEL FUEGO,Custodia/Coleta,70.5,44.9
2025-04-01,FORD,TIERRA DEL FUEGO,Luneta,207.6,68.8
2025-04-01,FORD,TIERRA DEL FUEGO,Parabrisas,338.0,97.9
2025-04-01,FORD,TIERRA DEL FUEGO,Puerta,83.4,32.1
2025-04-01,PEUGEOT,CABA,Aleta/Ventilete,104.3,22.9
2025-04-01,PEUGEOT,CABA,Custodia/Coleta,62.3,22.9
2025-04-01,PEUGEOT,CABA,Luneta,126.9,35.9
2025-04-01,PEUGEOT,CABA,Parabrisas,210.3,50.1
2025-04-01,PEUGEOT,CABA,Puerta,42.0,16.4
2025-04-01,PEUGEOT,CORD_TUC_STAFE,Aleta/Ventilete,103.4,25.0
2025-04-01,PEUGEOT,CORD_TUC_STAFE,Custodia/Coleta,58.8,25.0
2025-04-01,PEUGEOT,CORD_TUC_STAFE,Luneta,119.7,39.2
2025-04-01,PEUGEOT,CORD_TUC_STAFE,Parabrisas,198.2,54.7
2025-04-01,PEUGEOT,CORD_TUC_STAFE,Puerta,39.6,17.9
2025-04-01,PEUGEOT,Rosario,Aleta/Ventilete,102.6,25.0
2025-04-01,PEUGEOT,Rosario,Custodia/Coleta,55.2,25.0
2025-04-01,PEUGEOT,Rosario,Luneta,112.4,39.2
2025-04-01,PEUGEOT,Rosario,Parabrisas,186.2,54.7
2025-04-01,PEUGEOT,Rosario,Puerta,37.2,17.9
2025-04-01,PEUGEOT,TIERRA DEL FUEGO,Aleta/Ventilete,115.3,44.9
2025-04-01,PEUGEOT,TIERRA DEL FUEGO,Custodia/Coleta,106.8,44.9
2025-04-01,PEUGEOT,TIERRA DEL FUEGO,Luneta,217.6,70.3
2025-04-01,PEUGEOT,TIERRA DEL FUEGO,Parabrisas,360.4,98.2
2025-04-01,PEUGEOT,TIERRA DEL FUEGO,Puerta,72.0,32.1
2025-04-01,RENAULT,CABA,Aleta/Ventilete,39.5,22.9
2025-04-01,RENAULT,CABA,Custodia/Coleta,90.5,22.9
2025-04-01,RENAULT,CABA,Luneta,102.6,32.9
2025-04-01,RENAULT,CABA,Parabrisas,159.9,49.2
2025-04-01,RENAULT,CABA,Puerta,45.1,16.4
2025-04-01,RENAULT,CORD_TUC_STAFE,Aleta/Ventilete,37.2,25.0
2025-04-01,RENAULT,CORD_TUC_STAFE,Custodia/Coleta,85.3,25.0
2025-04-01,RENAULT,CORD_TUC_STAFE,Luneta,96.8,36.0
2025-04-01,RENAULT,CORD_TUC_STAFE,Parabrisas,150.7,53.8
2025-04-01,RENAULT,CORD_TUC_STAFE,Puerta,42.5,17.9
2025-04-01,RENAULT,Rosario,Aleta/Ventilete,35.0,25.0
2025-04-01,RENAULT,Rosario,Custodia/Coleta,80.1,25.0
2025-04-01,RENAULT,Rosario,Luneta,90.9,36.0
2025-04-01,RENAULT,Rosario,Parabrisas,141.6,53.8
2025-04-01,RENAULT,Rosario,Puerta,39.9,17.9
2025-04-01,RENAULT,TIERRA DEL FUEGO,Aleta/Ventilete,67.7,44.9
2025-04-01,RENAULT,TIERRA DEL FUEGO,Custodia/Coleta,155.1,44.9
2025-04-01,RENAULT,TIERRA DEL FUEGO,Luneta,175.9,64.6
2025-04-01,RENAULT,TIERRA DEL FUEGO,Parabrisas,274.0,96.5
2025-04-01,RENAULT,TIERRA DEL FUEGO,Puerta,77.3,32.1
2025-04-01,TOYOTA,CABA,Aleta/Ventilete,33.6,22.9
2025-04-01,TOYOTA,CABA,Custodia/Coleta,119.3,22.9
2025-04-01,TOYOTA,CABA,Luneta,180.6,35.9
2025-04-01,TOYOTA,CABA,Parabrisas,213.2,50.3
2025-04-01,TOYOTA,CABA,Puerta,60.9,16.4
2025-04-01,TOYOTA,CORD_TUC_STAFE,Aleta/Ventilete,31.7,25.0
2025-04-01,TOYOTA,CORD_TUC_STAFE,Custodia/Coleta,112.5,25.0
2025-04-01,TOYOTA,CORD_TUC_STAFE,Luneta,170.3,39.2
2025-04-01,TOYOTA,CORD_TUC_STAFE,Parabrisas,201.0,54.9
2025-04-01,TOYOTA,CORD_TUC_STAFE,Puerta,57.4,17.9
2025-04-01,TOYOTA,Rosario,Aleta/Ventilete,29.8,25.0
2025-04-01,TOYOTA,Rosario,Custodia/Coleta,105.7,25.0
2025-04-01,TOYOTA,Rosario,Luneta,160.0,39.2
2025-04-01,TOYOTA,Rosario,Parabrisas,188.8,54.9
2025-04-01,TOYOTA,Rosario,Puerta,53.9,17.9
2025-04-01,TOYOTA,TIERRA DEL FUEGO,Aleta/Ventilete,57.7,44.9
2025-04-01,TOYOTA,TIERRA DEL FUEGO,Custodia/Coleta,204.5,44.9
2025-04-01,TOYOTA,TIERRA DEL FUEGO,Luneta,309.6,70.4
2025-04-01,TOYOTA,TIERRA DEL FUEGO,Parabrisas,365.5,98.6
2025-04-01,TOYOTA,TIERRA DEL FUEGO,Puerta,104.4,32.1
2025-04-01,VOLKSWAGEN,CABA,Aleta/Ventilete,36.1,22.9
2025-04-01,VOLKSWAGEN,CABA,Custodia/Coleta,45.9,22.9
2025-04-01,VOLKSWAGEN,CABA,Luneta,123.1,35.8
2025-04-01,VOLKSWAGEN,CABA,Parabrisas,177.1,50.7
2025-04-01,VOLKSWAGEN,CABA,Puerta,49.2,16.4
2025-04-01,VOLKSWAGEN,CORD_TUC_STAFE,Aleta/Ventilete,34.1,25.0
2025-04-01,VOLKSWAGEN,CORD_TUC_STAFE,Custodia/Coleta,43.2,25.0
2025-04-01,VOLKSWAGEN,CORD_TUC_STAFE,Luneta,116.0,39.1
2025-04-01,VOLKSWAGEN,CORD_TUC_STAFE,Parabrisas,167.0,55.4
2025-04-01,VOLKSWAGEN,CORD_TUC_STAFE,Puerta,46.3,17.9
2025-04-01,VOLKSWAGEN,Rosario,Aleta/Ventilete,32.0,25.0
2025-04-01,VOLKSWAGEN,Rosario,Custodia/Coleta,40.6,25.0
2025-04-01,VOLKSWAGEN,Rosario,Luneta,109.0,39.1
2025-04-01,VOLKSWAGEN,Rosario,Parabrisas,156.9,55.4
2025-04-01,VOLKSWAGEN,Rosario,Puerta,43.5,17.9
2025-04-01,VOLKSWAGEN,TIERRA DEL FUEGO,Aleta/Ventilete,61.9,44.9
2025-04-01,VOLKSWAGEN,TIERRA DEL FUEGO,Custodia/Coleta,78.6,44.9
2025-04-01,VOLKSWAGEN,TIERRA DEL FUEGO,Luneta,211.0,70.1
2025-04-01,VOLKSWAGEN,TIERRA DEL FUEGO,Parabrisas,303.7,99.4
2025-04-01,VOLKSWAGEN,TIERRA DEL FUEGO,Puerta,84.3,32.1
2025-08-01,CHEVROLET,CABA,Aleta/Ventilete,33.4,22.0
2025-08-01,CHEVROLET,CABA,Custodia/Coleta,92.3,22.0
2025-08-01,CHEVROLET,CABA,Luneta,103.7,34.5
2025-08-01,CHEVROLET,CABA,Parabrisas,158.5,47.9
2025-08-01,CHEVROLET,CABA,Puerta,48.5,15.7
2025-08-01,CHEVROLET,CORD_TUC_STAFE,Aleta/Ventilete,31.5,24.0
2025-08-01,CHEVROLET,CORD_TUC_STAFE,Custodia/Coleta,87.0,24.0
2025-08-01,CHEVROLET,CORD_TUC_STAFE,Luneta,97.7,37.7
2025-08-01,CHEVROLET,CORD_TUC_STAFE,Parabrisas,149.4,52.3
2025-08-01,CHEVROLET,CORD_TUC_STAFE,Puerta,45.7,17.2
2025-08-01,CHEVROLET,Rosario,Aleta/Ventilete,29.6,24.0
2025-08-01,CHEVROLET,Rosario,Custodia/Coleta,81.8,24.0
2025-08-01,CHEVROLET,Rosario,Luneta,91.8,37.7
2025-08-01,CHEVROLET,Rosario,Parabrisas,140.4,52.3
2025-08-01,CHEVROLET,Rosario,Puerta,43.0,17.2
2025-08-01,CHEVROLET,TIERRA DEL FUEGO,Aleta/Ventilete,57.3,43.0
2025-08-01,CHEVROLET,TIERRA DEL FUEGO,Custodia/Coleta,158.3,43.0
2025-08-01,CHEVROLET,TIERRA DEL FUEGO,Luneta,177.7,67.7
2025-08-01,CHEVROLET,TIERRA DEL FUEGO,Parabrisas,271.7,93.8
2025-08-01,CHEVROLET,TIERRA DEL FUEGO,Puerta,83.1,30.8
2025-08-01,FIAT,CABA,Aleta/Ventilete,31.7,22.0
2025-08-01,FIAT,CABA,Custodia/Coleta,71.4,22.0
2025-08-01,FIAT,CABA,Luneta,102.0,32.0
2025-08-01,FIAT,CABA,Parabrisas,168.6,48.7
2025-08-01,FIAT,CABA,Puerta,40.1,15.7
2025-08-01,FIAT,CORD_TUC_STAFE,Aleta/Ventilete,29.9,24.0
2025-08-01,FIAT,CORD_TUC_STAFE,Custodia/Coleta,67.3,24.0
2025-08-01,FIAT,CORD_TUC_STAFE,Luneta,96.1,35.0
2025-08-01,FIAT,CORD_TUC_STAFE,Parabrisas,159.0,53.2
2025-08-01,FIAT,CORD_TUC_STAFE,Puerta,37.8,17.2
2025-08-01,FIAT,Rosario,Aleta/Ventilete,28.1,24.0
2025-08-01,FIAT,Rosario,Custodia/Coleta,63.3,24.0
2025-08-01,FIAT,Rosario,Luneta,90.3,35.0
2025-08-01,FIAT,Rosario,Parabrisas,149.3,53.2
2025-08-01,FIAT,Rosario,Puerta,35.5,17.2
2025-08-01,FIAT,TIERRA DEL FUEGO,Aleta/Ventilete,54.3,43.0
2025-08-01,FIAT,TIERRA DEL FUEGO,Custodia/Coleta,122.4,43.0
2025-08-01,FIAT,TIERRA DEL FUEGO,Luneta,174.8,62.8
2025-08-01,FIAT,TIERRA DEL FUEGO,Parabrisas,289.0,95.4
2025-08-01,FIAT,TIERRA DEL FUEGO,Puerta,68.7,30.8
2025-08-01,FORD,CABA,Aleta/Ventilete,36.4,22.0
2025-08-01,FORD,CABA,Custodia/Coleta,39.4,22.0
2025-08-01,FORD,CABA,Luneta,115.4,33.7
2025-08-01,FORD,CABA,Parabrisas,188.3,48.1
2025-08-01,FORD,CABA,Puerta,46.6,15.7
2025-08-01,FORD,CORD_TUC_STAFE,Aleta/Ventilete,34.3,24.0
2025-08-01,FORD,CORD_TUC_STAFE,Custodia/Coleta,37.2,24.0
2025-08-01,FORD,CORD_TUC_STAFE,Luneta,108.8,36.8
2025-08-01,FORD,CORD_TUC_STAFE,Parabrisas,177.6,52.6
2025-08-01,FORD,CORD_TUC_STAFE,Puerta,43.9,17.2
2025-08-01,FORD,Rosario,Aleta/Ventilete,32.2,24.0
2025-08-01,FORD,Rosario,Custodia/Coleta,34.9,24.0
2025-08-01,FORD,Rosario,Luneta,102.2,36.8
2025-08-01,FORD,Rosario,Parabrisas,166.8,52.6
2025-08-01,FORD,Rosario,Puerta,41.2,17.2
2025-08-01,FORD,TIERRA DEL FUEGO,Aleta/Ventilete,62.4,43.0
2025-08-01,FORD,TIERRA DEL FUEGO,Custodia/Coleta,67.6,43.0
2025-08-01,FORD,TIERRA DEL FUEGO,Luneta,197.9,66.0
2025-08-01,FORD,TIERRA DEL FUEGO,Parabrisas,322.8,94.3
2025-08-01,FORD,TIERRA DEL FUEGO,Puerta,79.8,30.8
2025-08-01,PEUGEOT,CABA,Aleta/Ventilete,92.3,22.0
2025-08-01,PEUGEOT,CABA,Custodia/Coleta,65.4,22.0
2025-08-01,PEUGEOT,CABA,Luneta,122.4,34.4
2025-08-01,PEUGEOT,CABA,Parabrisas,201.0,48.0
2025-08-01,PEUGEOT,CABA,Puerta,40.0,15.7
2025-08-01,PEUGEOT,CORD_TUC_STAFE,Aleta/Ventilete,91.3,24.0
2025-08-01,PEUGEOT,CORD_TUC_STAFE,Custodia/Coleta,61.6,24.0
2025-08-01,PEUGEOT,CORD_TUC_STAFE,Luneta,115.4,37.6
2025-08-01,PEUGEOT,CORD_TUC_STAFE,Parabrisas,189.5,52.4
2025-08-01,PEUGEOT,CORD_TUC_STAFE,Puerta,37.7,17.2
2025-08-01,PEUGEOT,Rosario,Aleta/Ventilete,90.2,24.0
2025-08-01,PEUGEOT,Rosario,Custodia/Coleta,57.9,24.0
2025-08-01,PEUGEOT,Rosario,Luneta,108.4,37.6
2025-08-01,PEUGEOT,Rosario,Parabrisas,178.0,52.4
2025-08-01,PEUGEOT,Rosario,Puerta,35.5,17.2
2025-08-01,PEUGEOT,TIERRA DEL FUEGO,Aleta/Ventilete,105.5,43.0
2025-08-01,PEUGEOT,TIERRA DEL FUEGO,Custodia/Coleta,112.0,43.0
2025-08-01,PEUGEOT,TIERRA DEL FUEGO,Luneta,209.8,67.4
2025-08-01,PEUGEOT,TIERRA DEL FUEGO,Parabrisas,344.6,94.1
2025-08-01,PEUGEOT,TIERRA DEL FUEGO,Puerta,68.6,30.8
2025-08-01,RENAULT,CABA,Aleta/Ventilete,37.8,22.0
2025-08-01,RENAULT,CABA,Custodia/Coleta,86.7,22.0
2025-08-01,RENAULT,CABA,Luneta,98.3,31.6
2025-08-01,RENAULT,CABA,Parabrisas,157.0,47.6
2025-08-01,RENAULT,CABA,Puerta,43.3,15.7
2025-08-01,RENAULT,CORD_TUC_STAFE,Aleta/Ventilete,35.7,24.0
2025-08-01,RENAULT,CORD_TUC_STAFE,Custodia/Coleta,81.7,24.0
2025-08-01,RENAULT,CORD_TUC_STAFE,Luneta,92.7,34.5
2025-08-01,RENAULT,CORD_TUC_STAFE,Parabrisas,148.0,52.0
2025-08-01,RENAULT,CORD_TUC_STAFE,Puerta,40.8,17.2
2025-08-01,RENAULT,Rosario,Aleta/Ventilete,33.5,24.0
2025-08-01,RENAULT,Rosario,Custodia/Coleta,76.8,24.0
2025-08-01,RENAULT,Rosario,Luneta,87.1,34.5
2025-08-01,RENAULT,Rosario,Parabrisas,139.0,52.0
2025-08-01,RENAULT,Rosario,Puerta,38.3,17.2
2025-08-01,RENAULT,TIERRA DEL FUEGO,Aleta/Ventilete,64.9,43.0
2025-08-01,RENAULT,TIERRA DEL FUEGO,Custodia/Coleta,148.6,43.0
2025-08-01,RENAULT,TIERRA DEL FUEGO,Luneta,168.6,61.9
2025-08-01,RENAULT,TIERRA DEL FUEGO,Parabrisas,269.1,93.3
2025-08-01,RENAULT,TIERRA DEL FUEGO,Puerta,74.2,30.8
2025-08-01,TOYOTA,CABA,Aleta/Ventilete,32.0,22.0
2025-08-01,TOYOTA,CABA,Custodia/Coleta,114.3,22.0
2025-08-01,TOYOTA,CABA,Luneta,171.4,34.4
2025-08-01,TOYOTA,CABA,Parabrisas,200.8,48.2
2025-08-01,TOYOTA,CABA,Puerta,58.5,15.7
2025-08-01,TOYOTA,CORD_TUC_STAFE,Aleta/Ventilete,30.1,24.0
2025-08-01,TOYOTA,CORD_TUC_STAFE,Custodia/Coleta,107.8,24.0
2025-08-01,TOYOTA,CORD_TUC_STAFE,Luneta,161.6,37.6
2025-08-01,TOYOTA,CORD_TUC_STAFE,Parabrisas,189.3,52.6
2025-08-01,TOYOTA,CORD_TUC_STAFE,Puerta,55.2,17.2
2025-08-01,TOYOTA,Rosario,Aleta/Ventilete,28.3,24.0
2025-08-01,TOYOTA,Rosario,Custodia/Coleta,101.2,24.0
2025-08-01,TOYOTA,Rosario,Luneta,151.8,37.6
2025-08-01,TOYOTA,Rosario,Parabrisas,177.8,52.6
2025-08-01,TOYOTA,Rosario,Puerta,51.9,17.2
2025-08-01,TOYOTA,TIERRA DEL FUEGO,Aleta/Ventilete,54.8,43.0
2025-08-01,TOYOTA,TIERRA DEL FUEGO,Custodia/Coleta,196.0,43.0
2025-08-01,TOYOTA,TIERRA DEL FUEGO,Luneta,293.8,67.5
2025-08-01,TOYOTA,TIERRA DEL FUEGO,Parabrisas,344.2,94.4
2025-08-01,TOYOTA,TIERRA DEL FUEGO,Puerta,100.4,30.8
2025-08-01,VOLKSWAGEN,CABA,Aleta/Ventilete,34.5,22.0
2025-08-01,VOLKSWAGEN,CABA,Custodia/Coleta,43.9,22.0
2025-08-01,VOLKSWAGEN,CABA,Luneta,118.8,34.3
2025-08-01,VOLKSWAGEN,CABA,Parabrisas,172.3,48.6
2025-08-01,VOLKSWAGEN,CABA,Puerta,47.0,15.7
2025-08-01,VOLKSWAGEN,CORD_TUC_STAFE,Aleta/Ventilete,32.5,24.0
2025-08-01,VOLKSWAGEN,CORD_TUC_STAFE,Custodia/Coleta,41.4,24.0
2025-08-01,VOLKSWAGEN,CORD_TUC_STAFE,Luneta,112.0,37.5
2025-08-01,VOLKSWAGEN,CORD_TUC_STAFE,Parabrisas,162.5,53.1
2025-08-01,VOLKSWAGEN,CORD_TUC_STAFE,Puerta,44.3,17.2
2025-08-01,VOLKSWAGEN,Rosario,Aleta/Ventilete,30.6,24.0
2025-08-01,VOLKSWAGEN,Rosario,Custodia/Coleta,38.9,24.0
2025-08-01,VOLKSWAGEN,Rosario,Luneta,105.2,37.5
2025-08-01,VOLKSWAGEN,Rosario,Parabrisas,152.6,53.1
2025-08-01,VOLKSWAGEN,Rosario,Puerta,41.6,17.2
2025-08-01,VOLKSWAGEN,TIERRA DEL FUEGO,Aleta/Ventilete,59.2,43.0
2025-08-01,VOLKSWAGEN,TIERRA DEL FUEGO,Custodia/Coleta,75.3,43.0
2025-08-01,VOLKSWAGEN,TIERRA DEL FUEGO,Luneta,203.6,67.2
2025-08-01,VOLKSWAGEN,TIERRA DEL FUEGO,Parabrisas,295.4,95.2
2025-08-01,VOLKSWAGEN,TIERRA DEL FUEGO,Puerta,80.5,30.8
