fecha,marca,zona,tipo_cristal,instalacion
2023-12-01,CHEVROLET,CABA,Aleta/Ventilete,16962.28525296993
2023-12-01,CHEVROLET,CORD_TUC_STAFE,Aleta/Ventilete,18531.29663886964
2023-12-01,CHEVROLET,Rosario,Aleta/Ventilete,18531.29663886964
2023-12-01,CHEVROLET,TIERRA DEL FUEGO,Aleta/Ventilete,33246.07909582106
2023-12-01,FIAT,CABA,Aleta/Ventilete,16962.28525296993
2023-12-01,FIAT,CORD_TUC_STAFE,Aleta/Ventilete,18531.29663886964
2023-12-01,FIAT,Rosario,Aleta/Ventilete,18531.29663886964
2023-12-01,FIAT,TIERRA DEL FUEGO,Aleta/Ventilete,33246.07909582106
2023-12-01,FORD,CABA,Aleta/Ventilete,16962.28525296993
2023-12-01,FORD,CORD_TUC_STAFE,Aleta/Ventilete,18531.29663886964
2023-12-01,FORD,Rosario,Aleta/Ventilete,18531.29663886964
2023-12-01,FORD,TIERRA DEL FUEGO,Aleta/Ventilete,33246.07909582106
2023-12-01,PEUGEOT,CABA,Aleta/Ventilete,16962.28525296993
2023-12-01,PEUGEOT,CORD_TUC_STAFE,Aleta/Ventilete,18531.29663886964
2023-12-01,PEUGEOT,Rosario,Aleta/Ventilete,18531.29663886964
2023-12-01,PEUGEOT,TIERRA DEL FUEGO,Aleta/Ventilete,33246.07909582106
2023-12-01,RENAULT,CABA,Aleta/Ventilete,16962.28525296993
2023-12-01,RENAULT,CORD_TUC_STAFE,Aleta/Ventilete,18531.29663886964
2023-12-01,RENAULT,Rosario,Aleta/Ventilete,18531.29663886964
2023-12-01,RENAULT,TIERRA DEL FUEGO,Aleta/Ventilete,33246.07909582106
2023-12-01,TOYOTA,CABA,Aleta/Ventilete,16962.28525296993
2023-12-01,TOYOTA,CORD_TUC_STAFE,Aleta/Ventilete,18531.29663886964
2023-12-01,TOYOTA,Rosario,Aleta/Ventilete,18531.29663886964
2023-12-01,TOYOTA,TIERRA DEL FUEGO,Aleta/Ventilete,33246.07909582106
2023-12-01,VOLKSWAGEN,CABA,Aleta/Ventilete,16962.28525296993
2023-12-01,VOLKSWAGEN,CORD_TUC_STAFE,Aleta/Ventilete,18531.29663886964
2023-12-01,VOLKSWAGEN,Rosario,Aleta/Ventilete,18531.29663886964
2023-12-01,VOLKSWAGEN,TIERRA DEL FUEGO,Aleta/Ventilete,33246.07909582106
2024-02-01,CHEVROLET,CABA,Aleta/Ventilete,18488.89092573722
2024-02-01,CHEVROLET,CORD_TUC_STAFE,Aleta/Ventilete,20199.11333636791
2024-02-01,CHEVROLET,Rosario,Aleta/Ventilete,20199.11333636791
2024-02-01,CHEVROLET,TIERRA DEL FUEGO,Aleta/Ventilete,36238.22621444496
2024-02-01,FIAT,CABA,Aleta/Ventilete,18488.89092573722
2024-02-01,FIAT,CORD_TUC_STAFE,Aleta/Ventilete,20199.11333636791
2024-02-01,FIAT,Rosario,Aleta/Ventilete,20199.11333636791
2024-02-01,FIAT,TIERRA DEL FUEGO,Aleta/Ventilete,36238.22621444496
2024-02-01,FORD,CABA,Aleta/Ventilete,18488.89092573722
2024-02-01,FORD,CORD_TUC_STAFE,Aleta/Ventilete,20199.11333636791
2024-02-01,FORD,Rosario,Aleta/Ventilete,20199.11333636791
2024-02-01,FORD,TIERRA DEL FUEGO,Aleta/Ventilete,36238.22621444496
2024-02-01,PEUGEOT,CABA,Aleta/Ventilete,18488.89092573722
2024-02-01,PEUGEOT,CORD_TUC_STAFE,Aleta/Ventilete,20199.11333636791
2024-02-01,PEUGEOT,Rosario,Aleta/Ventilete,20199.11333636791
2024-02-01,PEUGEOT,TIERRA DEL FUEGO,Aleta/Ventilete,36238.22621444496
2024-02-01,RENAULT,CABA,Aleta/Ventilete,18488.89092573722
2024-02-01,RENAULT,CORD_TUC_STAFE,Aleta/Ventilete,20199.11333636791
2024-02-01,RENAULT,Rosario,Aleta/Ventilete,20199.11333636791
2024-02-01,RENAULT,TIERRA DEL FUEGO,Aleta/Ventilete,36238.22621444496
2024-02-01,TOYOTA,CABA,Aleta/Ventilete,18488.89092573722
2024-02-01,TOYOTA,CORD_TUC_STAFE,Aleta/Ventilete,20199.11333636791
2024-02-01,TOYOTA,Rosario,Aleta/Ventilete,20199.11333636791
2024-02-01,TOYOTA,TIERRA DEL FUEGO,Aleta/Ventilete,36238.22621444496
2024-02-01,VOLKSWAGEN,CABA,Aleta/Ventilete,18488.89092573722
2024-02-01,VOLKSWAGEN,CORD_TUC_STAFE,Aleta/Ventilete,20199.11333636791
2024-02-01,VOLKSWAGEN,Rosario,Aleta/Ventilete,20199.11333636791
2024-02-01,VOLKSWAGEN,TIERRA DEL FUEGO,Aleta/Ventilete,36238.22621444496
2024-03-01,CHEVROLET,CABA,Aleta/Ventilete,20337.78001831095
2024-03-01,CHEVROLET,CORD_TUC_STAFE,Aleta/Ventilete,22219.02467000471
2024-03-01,CHEVROLET,Rosario,Aleta/Ventilete,22219.02467000471
2024-03-01,CHEVROLET,TIERRA DEL FUEGO,Aleta/Ventilete,39862.04883588946
2024-03-01,FIAT,CABA,Aleta/Ventilete,20337.78001831095
2024-03-01,FIAT,CORD_TUC_STAFE,Aleta/Ventilete,22219.02467000471
2024-03-01,FIAT,Rosario,Aleta/Ventilete,22219.02467000471
2024-03-01,FIAT,TIERRA DEL FUEGO,Aleta/Ventilete,39862.04883588946
2024-03-01,FORD,CABA,Aleta/Ventilete,20337.78001831095
2024-03-01,FORD,CORD_TUC_STAFE,Aleta/Ventilete,22219.02467000471
2024-03-01,FORD,Rosario,Aleta/Ventilete,22219.02467000471
2024-03-01,FORD,TIERRA DEL FUEGO,Aleta/Ventilete,39862.04883588946
2024-03-01,PEUGEOT,CABA,Aleta/Ventilete,20337.78001831095
2024-03-01,PEUGEOT,CORD_TUC_STAFE,Aleta/Ventilete,22219.02467000471
2024-03-01,PEUGEOT,Rosario,Aleta/Ventilete,22219.02467000471
2024-03-01,PEUGEOT,TIERRA DEL FUEGO,Aleta/Ventilete,39862.04883588946
2024-03-01,RENAULT,CABA,Aleta/Ventilete,20337.78001831095
2024-03-01,RENAULT,CORD_TUC_STAFE,Aleta/Ventilete,22219.02467000471
2024-03-01,RENAULT,Rosario,Aleta/Ventilete,22219.02467000471
2024-03-01,RENAULT,TIERRA DEL FUEGO,Aleta/Ventilete,39862.04883588946
2024-03-01,TOYOTA,CABA,Aleta/Ventilete,20337.78001831095
2024-03-01,TOYOTA,CORD_TUC_STAFE,Aleta/Ventilete,22219.02467000471
2024-03-01,TOYOTA,Rosario,Aleta/Ventilete,22219.02467000471
2024-03-01,TOYOTA,TIERRA DEL FUEGO,Aleta/Ventilete,39862.04883588946
2024-03-01,VOLKSWAGEN,CABA,Aleta/Ventilete,20337.78001831095
2024-03-01,VOLKSWAGEN,CORD_TUC_STAFE,Aleta/Ventilete,22219.02467000471
2024-03-01,VOLKSWAGEN,Rosario,Aleta/Ventilete,22219.02467000471
2024-03-01,VOLKSWAGEN,TIERRA DEL FUEGO,Aleta/Ventilete,39862.04883588946
2024-05-01,CHEVROLET,CABA,Aleta/Ventilete,22168.18021995893
2024-05-01,CHEVROLET,CORD_TUC_STAFE,Aleta/Ventilete,24218.73689030514
2024-05-01,CHEVROLET,Rosario,Aleta/Ventilete,24218.73689030514
2024-05-01,CHEVROLET,TIERRA DEL FUEGO,Aleta/Ventilete,43449.63323111951
2024-05-01,FIAT,CABA,Aleta/Ventilete,22168.18021995893
2024-05-01,FIAT,CORD_TUC_STAFE,Aleta/Ventilete,24218.736890305136
2024-05-01,FIAT,Rosario,Aleta/Ventilete,24218.736890305136
2024-05-01,FIAT,TIERRA DEL FUEGO,Aleta/Ventilete,43449.63323111951
2024-05-01,FORD,CABA,Aleta/Ventilete,22168.18021995893
2024-05-01,FORD,CORD_TUC_STAFE,Aleta/Ventilete,24218.73689030514
2024-05-01,FORD,Rosario,Aleta/Ventilete,24218.73689030514
2024-05-01,FORD,TIERRA DEL FUEGO,Aleta/Ventilete,43449.63323111951
2024-05-01,PEUGEOT,CABA,Aleta/Ventilete,22168.18021995893
2024-05-01,PEUGEOT,CORD_TUC_STAFE,Aleta/Ventilete,24218.73689030514
2024-05-01,PEUGEOT,Rosario,Aleta/Ventilete,24218.73689030514
2024-05-01,PEUGEOT,TIERRA DEL FUEGO,Aleta/Ventilete,43449.63323111951
2024-05-01,RENAULT,CABA,Aleta/Ventilete,22168.18021995893
2024-05-01,RENAULT,CORD_TUC_STAFE,Aleta/Ventilete,24218.73689030514
2024-05-01,RENAULT,Rosario,Aleta/Ventilete,24218.73689030514
2024-05-01,RENAULT,TIERRA DEL FUEGO,Aleta/Ventilete,43449.63323111951
2024-05-01,TOYOTA,CABA,Aleta/Ventilete,22168.18021995893
2024-05-01,TOYOTA,CORD_TUC_STAFE,Aleta/Ventilete,24218.73689030514
2024-05-01,TOYOTA,Rosario,Aleta/Ventilete,24218.73689030514
2024-05-01,TOYOTA,TIERRA DEL FUEGO,Aleta/Ventilete,43449.633231119515
2024-05-01,VOLKSWAGEN,CABA,Aleta/Ventilete,22168.18021995893
2024-05-01,VOLKSWAGEN,CORD_TUC_STAFE,Aleta/Ventilete,24218.73689030514
2024-05-01,VOLKSWAGEN,Rosario,Aleta/Ventilete,24218.73689030514
2024-05-01,VOLKSWAGEN,TIERRA DEL FUEGO,Aleta/Ventilete,43449.63323111951
2024-07-01,CHEVROLET,CABA,Aleta/Ventilete,23719.95283535606
2024-07-01,CHEVROLET,CORD_TUC_STAFE,Aleta/Ventilete,25914.04847262649
2024-07-01,CHEVROLET,Rosario,Aleta/Ventilete,25914.04847262649
2024-07-01,CHEVROLET,TIERRA DEL FUEGO,Aleta/Ventilete,46491.10755729787
2024-07-01,FIAT,CABA,Aleta/Ventilete,23719.952835356056
2024-07-01,FIAT,CORD_TUC_STAFE,Aleta/Ventilete,25914.048472626488
2024-07-01,FIAT,Rosario,Aleta/Ventilete,25914.048472626488
2024-07-01,FIAT,TIERRA DEL FUEGO,Aleta/Ventilete,46491.10755729787
2024-07-01,FORD,CABA,Aleta/Ventilete,23719.952835356056
2024-07-01,FORD,CORD_TUC_STAFE,Aleta/Ventilete,25914.04847262649
2024-07-01,FORD,Rosario,Aleta/Ventilete,25914.04847262649
2024-07-01,FORD,TIERRA DEL FUEGO,Aleta/Ventilete,46491.10755729787
2024-07-01,PEUGEOT,CABA,Aleta/Ventilete,23719.95283535606
2024-07-01,PEUGEOT,CORD_TUC_STAFE,Aleta/Ventilete,25914.048472626488
2024-07-01,PEUGEOT,Rosario,Aleta/Ventilete,25914.048472626488
2024-07-01,PEUGEOT,TIERRA DEL FUEGO,Aleta/Ventilete,46491.10755729787
2024-07-01,RENAULT,CABA,Aleta/Ventilete,23719.95283535606
2024-07-01,RENAULT,CORD_TUC_STAFE,Aleta/Ventilete,25914.04847262649
2024-07-01,RENAULT,Rosario,Aleta/Ventilete,25914.04847262649
2024-07-01,RENAULT,TIERRA DEL FUEGO,Aleta/Ventilete,46491.10755729787
2024-07-01,TOYOTA,CABA,Aleta/Ventilete,23719.952835356056
2024-07-01,TOYOTA,CORD_TUC_STAFE,Aleta/Ventilete,25914.04847262649
2024-07-01,TOYOTA,Rosario,Aleta/Ventilete,25914.04847262649
2024-07-01,TOYOTA,TIERRA DEL FUEGO,Aleta/Ventilete,46491.10755729787
2024-07-01,VOLKSWAGEN,CABA,Aleta/Ventilete,23719.95283535606
2024-07-01,VOLKSWAGEN,CORD_TUC_STAFE,Aleta/Ventilete,25914.048472626488
2024-07-01,VOLKSWAGEN,Rosario,Aleta/Ventilete,25914.048472626488
2024-07-01,VOLKSWAGEN,TIERRA DEL FUEGO,Aleta/Ventilete,46491.10755729787
2024-10-01,CHEVROLET,CABA,Aleta/Ventilete,26566.34717559879
2024-10-01,CHEVROLET,CORD_TUC_STAFE,Aleta/Ventilete,29023.73428934168
2024-10-01,CHEVROLET,Rosario,Aleta/Ventilete,29023.73428934168
2024-10-01,CHEVROLET,TIERRA DEL FUEGO,Aleta/Ventilete,52070.04046417362
2024-10-01,FIAT,CABA,Aleta/Ventilete,26566.34717559879
2024-10-01,FIAT,CORD_TUC_STAFE,Aleta/Ventilete,29023.73428934168
2024-10-01,FIAT,Rosario,Aleta/Ventilete,29023.73428934168
2024-10-01,FIAT,TIERRA DEL FUEGO,Aleta/Ventilete,52070.040464173624
2024-10-01,FORD,CABA,Aleta/Ventilete,26566.34717559879
2024-10-01,FORD,CORD_TUC_STAFE,Aleta/Ventilete,29023.73428934168
2024-10-01,FORD,Rosario,Aleta/Ventilete,29023.73428934168
2024-10-01,FORD,TIERRA DEL FUEGO,Aleta/Ventilete,52070.04046417362
2024-10-01,PEUGEOT,CABA,Aleta/Ventilete,26566.34717559879
2024-10-01,PEUGEOT,CORD_TUC_STAFE,Aleta/Ventilete,29023.73428934168
2024-10-01,PEUGEOT,Rosario,Aleta/Ventilete,29023.73428934168
2024-10-01,PEUGEOT,TIERRA DEL FUEGO,Aleta/Ventilete,52070.040464173624
2024-10-01,RENAULT,CABA,Aleta/Ventilete,26566.34717559879
2024-10-01,RENAULT,CORD_TUC_STAFE,Aleta/Ventilete,29023.73428934168
2024-10-01,RENAULT,Rosario,Aleta/Ventilete,29023.73428934168
2024-10-01,RENAULT,TIERRA DEL FUEGO,Aleta/Ventilete,52070.04046417362
2024-10-01,TOYOTA,CABA,Aleta/Ventilete,26998.013107133804
2024-10-01,TOYOTA,CORD_TUC_STAFE,Aleta/Ventilete,29495.32931954368
2024-10-01,TOYOTA,Rosario,Aleta/Ventilete,29495.32931954368
2024-10-01,TOYOTA,TIERRA DEL FUEGO,Aleta/Ventilete,52916.10568998225
2024-10-01,VOLKSWAGEN,CABA,Aleta/Ventilete,26566.34717559879
2024-10-01,VOLKSWAGEN,CORD_TUC_STAFE,Aleta/Ventilete,29023.73428934168
2024-10-01,VOLKSWAGEN,Rosario,Aleta/Ventilete,29023.73428934168
2024-10-01,VOLKSWAGEN,TIERRA DEL FUEGO,Aleta/Ventilete,52070.040464173624
2025-01-01,CHEVROLET,CABA,Aleta/Ventilete,26566.34717559879
2025-01-01,CHEVROLET,CORD_TUC_STAFE,Aleta/Ventilete,29023.73428934168
2025-01-01,CHEVROLET,Rosario,Aleta/Ventilete,29023.73428934168
2025-01-01,CHEVROLET,TIERRA DEL FUEGO,Aleta/Ventilete,52070.04046417362
2025-01-01,FIAT,CABA,Aleta/Ventilete,26566.34717559879
2025-01-01,FIAT,CORD_TUC_STAFE,Aleta/Ventilete,29023.73428934168
2025-01-01,FIAT,Rosario,Aleta/Ventilete,29023.73428934168
2025-01-01,FIAT,TIERRA DEL FUEGO,Aleta/Ventilete,52070.040464173624
2025-01-01,FORD,CABA,Aleta/Ventilete,26566.34717559879
2025-01-01,FORD,CORD_TUC_STAFE,Aleta/Ventilete,29023.73428934168
2025-01-01,FORD,Rosario,Aleta/Ventilete,29023.73428934168
2025-01-01,FORD,TIERRA DEL FUEGO,Aleta/Ventilete,52070.04046417362
2025-01-01,PEUGEOT,CABA,Aleta/Ventilete,26566.34717559879
2025-01-01,PEUGEOT,CORD_TUC_STAFE,Aleta/Ventilete,29023.73428934168
2025-01-01,PEUGEOT,Rosario,Aleta/Ventilete,29023.73428934168
2025-01-01,PEUGEOT,TIERRA DEL FUEGO,Aleta/Ventilete,52070.040464173624
2025-01-01,RENAULT,CABA,Aleta/Ventilete,26566.34717559879
2025-01-01,RENAULT,CORD_TUC_STAFE,Aleta/Ventilete,29023.73428934168
2025-01-01,RENAULT,Rosario,Aleta/Ventilete,29023.73428934168
2025-01-01,RENAULT,TIERRA DEL FUEGO,Aleta/Ventilete,52070.04046417362
2025-01-01,TOYOTA,CABA,Aleta/Ventilete,26998.013107133804
2025-01-01,TOYOTA,CORD_TUC_STAFE,Aleta/Ventilete,29495.32931954368
2025-01-01,TOYOTA,Rosario,Aleta/Ventilete,29495.32931954368
2025-01-01,TOYOTA,TIERRA DEL FUEGO,Aleta/Ventilete,52916.10568998225
2025-01-01,VOLKSWAGEN,CABA,Aleta/Ventilete,26566.34717559879
2025-01-01,VOLKSWAGEN,CORD_TUC_STAFE,Aleta/Ventilete,29023.73428934168
2025-01-01,VOLKSWAGEN,Rosario,Aleta/Ventilete,29023.73428934168
2025-01-01,VOLKSWAGEN,TIERRA DEL FUEGO,Aleta/Ventilete,52070.040464173624
2025-04-01,CHEVROLET,CABA,Aleta/Ventilete,28957.31842140268
2025-04-01,CHEVROLET,CORD_TUC_STAFE,Aleta/Ventilete,31635.87037538243
2025-04-01,CHEVROLET,Rosario,Aleta/Ventilete,31635.87037538243
2025-04-01,CHEVROLET,TIERRA DEL FUEGO,Aleta/Ventilete,56756.34410594925
2025-04-01,FIAT,CABA,Aleta/Ventilete,28957.31842140268
2025-04-01,FIAT,CORD_TUC_STAFE,Aleta/Ventilete,31635.87037538243
2025-04-01,FIAT,Rosario,Aleta/Ventilete,31635.87037538243
2025-04-01,FIAT,TIERRA DEL FUEGO,Aleta/Ventilete,56756.34410594925
2025-04-01,FORD,CABA,Aleta/Ventilete,28957.31842140268
2025-04-01,FORD,CORD_TUC_STAFE,Aleta/Ventilete,31635.87037538243
2025-04-01,FORD,Rosario,Aleta/Ventilete,31635.87037538243
2025-04-01,FORD,TIERRA DEL FUEGO,Aleta/Ventilete,56756.34410594925
2025-04-01,PEUGEOT,CABA,Aleta/Ventilete,28957.31842140268
2025-04-01,PEUGEOT,CORD_TUC_STAFE,Aleta/Ventilete,31635.87037538243
2025-04-01,PEUGEOT,Rosario,Aleta/Ventilete,31635.87037538243
2025-04-01,PEUGEOT,TIERRA DEL FUEGO,Aleta/Ventilete,56756.34410594925
2025-04-01,RENAULT,CABA,Aleta/Ventilete,28957.31842140268
2025-04-01,RENAULT,CORD_TUC_STAFE,Aleta/Ventilete,31635.870375382434
2025-04-01,RENAULT,Rosario,Aleta/Ventilete,31635.870375382434
2025-04-01,RENAULT,TIERRA DEL FUEGO,Aleta/Ventilete,56756.34410594925
2025-04-01,TOYOTA,CABA,Aleta/Ventilete,28957.31842140268
2025-04-01,TOYOTA,CORD_TUC_STAFE,Aleta/Ventilete,31635.87037538243
2025-04-01,TOYOTA,Rosario,Aleta/Ventilete,31635.87037538243
2025-04-01,TOYOTA,TIERRA DEL FUEGO,Aleta/Ventilete,56756.34410594924
2025-04-01,VOLKSWAGEN,CABA,Aleta/Ventilete,28957.31842140268
2025-04-01,VOLKSWAGEN,CORD_TUC_STAFE,Aleta/Ventilete,31635.870375382427
2025-04-01,VOLKSWAGEN,Rosario,Aleta/Ventilete,31635.870375382427
2025-04-01,VOLKSWAGEN,TIERRA DEL FUEGO,Aleta/Ventilete,56756.34410594925
2023-12-01,CHEVROLET,CABA,Custodia/Coleta,16962.28525296993
2023-12-01,CHEVROLET,CORD_TUC_STAFE,Custodia/Coleta,18531.29663886964
2023-12-01,CHEVROLET,Rosario,Custodia/Coleta,18531.29663886964
2023-12-01,CHEVROLET,TIERRA DEL FUEGO,Custodia/Coleta,33246.07909582106
2023-12-01,FIAT,CABA,Custodia/Coleta,16962.28525296993
2023-12-01,FIAT,CORD_TUC_STAFE,Custodia/Coleta,18531.29663886964
2023-12-01,FIAT,Rosario,Custodia/Coleta,18531.29663886964
2023-12-01,FIAT,TIERRA DEL FUEGO,Custodia/Coleta,33246.07909582106
2023-12-01,FORD,CABA,Custodia/Coleta,16962.28525296993
2023-12-01,FORD,CORD_TUC_STAFE,Custodia/Coleta,18531.29663886964
2023-12-01,FORD,Rosario,Custodia/Coleta,18531.29663886964
2023-12-01,FORD,TIERRA DEL FUEGO,Custodia/Coleta,33246.07909582106
2023-12-01,PEUGEOT,CABA,Custodia/Coleta,16962.28525296993
2023-12-01,PEUGEOT,CORD_TUC_STAFE,Custodia/Coleta,18531.29663886964
2023-12-01,PEUGEOT,Rosario,Custodia/Coleta,18531.29663886964
2023-12-01,PEUGEOT,TIERRA DEL FUEGO,Custodia/Coleta,33246.07909582106
2023-12-01,RENAULT,CABA,Custodia/Coleta,16962.28525296993
2023-12-01,RENAULT,CORD_TUC_STAFE,Custodia/Coleta,18531.29663886964
2023-12-01,RENAULT,Rosario,Custodia/Coleta,18531.29663886964
2023-12-01,RENAULT,TIERRA DEL FUEGO,Custodia/Coleta,33246.07909582106
2023-12-01,TOYOTA,CABA,Custodia/Coleta,16962.28525296993
2023-12-01,TOYOTA,CORD_TUC_STAFE,Custodia/Coleta,18531.296638869637
2023-12-01,TOYOTA,Rosario,Custodia/Coleta,18531.296638869637
2023-12-01,TOYOTA,TIERRA DEL FUEGO,Custodia/Coleta,33246.07909582106
2023-12-01,VOLKSWAGEN,CABA,Custodia/Coleta,16962.28525296993
2023-12-01,VOLKSWAGEN,CORD_TUC_STAFE,Custodia/Coleta,18531.29663886964
2023-12-01,VOLKSWAGEN,Rosario,Custodia/Coleta,18531.29663886964
2023-12-01,VOLKSWAGEN,TIERRA DEL FUEGO,Custodia/Coleta,33246.07909582106
2024-02-01,CHEVROLET,CABA,Custodia/Coleta,18488.89092573722
2024-02-01,CHEVROLET,CORD_TUC_STAFE,Custodia/Coleta,20199.11333636791
2024-02-01,CHEVROLET,Rosario,Custodia/Coleta,20199.11333636791
2024-02-01,CHEVROLET,TIERRA DEL FUEGO,Custodia/Coleta,36238.22621444496
2024-02-01,FIAT,CABA,Custodia/Coleta,18488.89092573722
2024-02-01,FIAT,CORD_TUC_STAFE,Custodia/Coleta,20199.11333636791
2024-02-01,FIAT,Rosario,Custodia/Coleta,20199.11333636791
2024-02-01,FIAT,TIERRA DEL FUEGO,Custodia/Coleta,36238.22621444496
2024-02-01,FORD,CABA,Custodia/Coleta,18488.89092573722
2024-02-01,FORD,CORD_TUC_STAFE,Custodia/Coleta,20199.11333636791
2024-02-01,FORD,Rosario,Custodia/Coleta,20199.11333636791
2024-02-01,FORD,TIERRA DEL FUEGO,Custodia/Coleta,36238.22621444496
2024-02-01,PEUGEOT,CABA,Custodia/Coleta,18488.89092573722
2024-02-01,PEUGEOT,CORD_TUC_STAFE,Custodia/Coleta,20199.11333636791
2024-02-01,PEUGEOT,Rosario,Custodia/Coleta,20199.11333636791
2024-02-01,PEUGEOT,TIERRA DEL FUEGO,Custodia/Coleta,36238.22621444496
2024-02-01,RENAULT,CABA,Custodia/Coleta,18488.89092573722
2024-02-01,RENAULT,CORD_TUC_STAFE,Custodia/Coleta,20199.113336367907
2024-02-01,RENAULT,Rosario,Custodia/Coleta,20199.113336367907
2024-02-01,RENAULT,TIERRA DEL FUEGO,Custodia/Coleta,36238.22621444496
2024-02-01,TOYOTA,CABA,Custodia/Coleta,18488.890925737218
2024-02-01,TOYOTA,CORD_TUC_STAFE,Custodia/Coleta,20199.11333636791
2024-02-01,TOYOTA,Rosario,Custodia/Coleta,20199.11333636791
2024-02-01,TOYOTA,TIERRA DEL FUEGO,Custodia/Coleta,36238.226214444956
2024-02-01,VOLKSWAGEN,CABA,Custodia/Coleta,18488.89092573722
2024-02-01,VOLKSWAGEN,CORD_TUC_STAFE,Custodia/Coleta,20199.11333636791
2024-02-01,VOLKSWAGEN,Rosario,Custodia/Coleta,20199.11333636791
2024-02-01,VOLKSWAGEN,TIERRA DEL FUEGO,Custodia/Coleta,36238.22621444496
2024-03-01,CHEVROLET,CABA,Custodia/Coleta,20337.78001831095
2024-03-01,CHEVROLET,CORD_TUC_STAFE,Custodia/Coleta,22219.02467000471
2024-03-01,CHEVROLET,Rosario,Custodia/Coleta,22219.02467000471
2024-03-01,CHEVROLET,TIERRA DEL FUEGO,Custodia/Coleta,39862.04883588946
2024-03-01,FIAT,CABA,Custodia/Coleta,20337.78001831095
2024-03-01,FIAT,CORD_TUC_STAFE,Custodia/Coleta,22219.02467000471
2024-03-01,FIAT,Rosario,Custodia/Coleta,22219.02467000471
2024-03-01,FIAT,TIERRA DEL FUEGO,Custodia/Coleta,39862.04883588946
2024-03-01,FORD,CABA,Custodia/Coleta,20337.78001831095
2024-03-01,FORD,CORD_TUC_STAFE,Custodia/Coleta,22219.02467000471
2024-03-01,FORD,Rosario,Custodia/Coleta,22219.02467000471
2024-03-01,FORD,TIERRA DEL FUEGO,Custodia/Coleta,39862.04883588946
2024-03-01,PEUGEOT,CABA,Custodia/Coleta,20337.78001831095
2024-03-01,PEUGEOT,CORD_TUC_STAFE,Custodia/Coleta,22219.02467000471
2024-03-01,PEUGEOT,Rosario,Custodia/Coleta,22219.02467000471
2024-03-01,PEUGEOT,TIERRA DEL FUEGO,Custodia/Coleta,39862.04883588946
2024-03-01,RENAULT,CABA,Custodia/Coleta,20337.78001831095
2024-03-01,RENAULT,CORD_TUC_STAFE,Custodia/Coleta,22219.02467000471
2024-03-01,RENAULT,Rosario,Custodia/Coleta,22219.02467000471
2024-03-01,RENAULT,TIERRA DEL FUEGO,Custodia/Coleta,39862.04883588946
2024-03-01,TOYOTA,CABA,Custodia/Coleta,20337.78001831095
2024-03-01,TOYOTA,CORD_TUC_STAFE,Custodia/Coleta,22219.02467000471
2024-03-01,TOYOTA,Rosario,Custodia/Coleta,22219.02467000471
2024-03-01,TOYOTA,TIERRA DEL FUEGO,Custodia/Coleta,39862.04883588946
2024-03-01,VOLKSWAGEN,CABA,Custodia/Coleta,20337.78001831095
2024-03-01,VOLKSWAGEN,CORD_TUC_STAFE,Custodia/Coleta,22219.02467000471
2024-03-01,VOLKSWAGEN,Rosario,Custodia/Coleta,22219.02467000471
2024-03-01,VOLKSWAGEN,TIERRA DEL FUEGO,Custodia/Coleta,39862.04883588946
2024-05-01,CHEVROLET,CABA,Custodia/Coleta,22168.18021995893
2024-05-01,CHEVROLET,CORD_TUC_STAFE,Custodia/Coleta,24218.73689030514
2024-05-01,CHEVROLET,Rosario,Custodia/Coleta,24218.73689030514
2024-05-01,CHEVROLET,TIERRA DEL FUEGO,Custodia/Coleta,43449.63323111951
2024-05-01,FIAT,CABA,Custodia/Coleta,22168.18021995893
2024-05-01,FIAT,CORD_TUC_STAFE,Custodia/Coleta,24218.73689030514
2024-05-01,FIAT,Rosario,Custodia/Coleta,24218.73689030514
2024-05-01,FIAT,TIERRA DEL FUEGO,Custodia/Coleta,43449.63323111951
2024-05-01,FORD,CABA,Custodia/Coleta,22168.18021995893
2024-05-01,FORD,CORD_TUC_STAFE,Custodia/Coleta,24218.73689030514
2024-05-01,FORD,Rosario,Custodia/Coleta,24218.73689030514
2024-05-01,FORD,TIERRA DEL FUEGO,Custodia/Coleta,43449.63323111951
2024-05-01,PEUGEOT,CABA,Custodia/Coleta,22168.18021995893
2024-05-01,PEUGEOT,CORD_TUC_STAFE,Custodia/Coleta,24218.73689030514
2024-05-01,PEUGEOT,Rosario,Custodia/Coleta,24218.73689030514
2024-05-01,PEUGEOT,TIERRA DEL FUEGO,Custodia/Coleta,43449.63323111951
2024-05-01,RENAULT,CABA,Custodia/Coleta,22168.18021995893
2024-05-01,RENAULT,CORD_TUC_STAFE,Custodia/Coleta,24218.73689030514
2024-05-01,RENAULT,Rosario,Custodia/Coleta,24218.73689030514
2024-05-01,RENAULT,TIERRA DEL FUEGO,Custodia/Coleta,43449.6332311195
2024-05-01,TOYOTA,CABA,Custodia/Coleta,22168.18021995893
2024-05-01,TOYOTA,CORD_TUC_STAFE,Custodia/Coleta,24218.736890305136
2024-05-01,TOYOTA,Rosario,Custodia/Coleta,24218.736890305136
2024-05-01,TOYOTA,TIERRA DEL FUEGO,Custodia/Coleta,43449.63323111951
2024-05-01,VOLKSWAGEN,CABA,Custodia/Coleta,22168.18021995893
2024-05-01,VOLKSWAGEN,CORD_TUC_STAFE,Custodia/Coleta,24218.73689030514
2024-05-01,VOLKSWAGEN,Rosario,Custodia/Coleta,24218.73689030514
2024-05-01,VOLKSWAGEN,TIERRA DEL FUEGO,Custodia/Coleta,43449.63323111951
2024-07-01,CHEVROLET,CABA,Custodia/Coleta,23719.95283535606
2024-07-01,CHEVROLET,CORD_TUC_STAFE,Custodia/Coleta,25914.04847262649
2024-07-01,CHEVROLET,Rosario,Custodia/Coleta,25914.04847262649
2024-07-01,CHEVROLET,TIERRA DEL FUEGO,Custodia/Coleta,46491.10755729787
2024-07-01,FIAT,CABA,Custodia/Coleta,23719.95283535606
2024-07-01,FIAT,CORD_TUC_STAFE,Custodia/Coleta,25914.04847262649
2024-07-01,FIAT,Rosario,Custodia/Coleta,25914.04847262649
2024-07-01,FIAT,TIERRA DEL FUEGO,Custodia/Coleta,46491.10755729787
2024-07-01,FORD,CABA,Custodia/Coleta,23719.952835356056
2024-07-01,FORD,CORD_TUC_STAFE,Custodia/Coleta,25914.04847262649
2024-07-01,FORD,Rosario,Custodia/Coleta,25914.04847262649
2024-07-01,FORD,TIERRA DEL FUEGO,Custodia/Coleta,46491.10755729787
2024-07-01,PEUGEOT,CABA,Custodia/Coleta,23719.95283535606
2024-07-01,PEUGEOT,CORD_TUC_STAFE,Custodia/Coleta,25914.04847262649
2024-07-01,PEUGEOT,Rosario,Custodia/Coleta,25914.04847262649
2024-07-01,PEUGEOT,TIERRA DEL FUEGO,Custodia/Coleta,46491.10755729787
2024-07-01,RENAULT,CABA,Custodia/Coleta,23719.95283535606
2024-07-01,RENAULT,CORD_TUC_STAFE,Custodia/Coleta,25914.04847262649
2024-07-01,RENAULT,Rosario,Custodia/Coleta,25914.04847262649
2024-07-01,RENAULT,TIERRA DEL FUEGO,Custodia/Coleta,46491.10755729787
2024-07-01,TOYOTA,CABA,Custodia/Coleta,23719.95283535606
2024-07-01,TOYOTA,CORD_TUC_STAFE,Custodia/Coleta,25914.048472626488
2024-07-01,TOYOTA,Rosario,Custodia/Coleta,25914.048472626488
2024-07-01,TOYOTA,TIERRA DEL FUEGO,Custodia/Coleta,46491.107557297866
2024-07-01,VOLKSWAGEN,CABA,Custodia/Coleta,23719.95283535606
2024-07-01,VOLKSWAGEN,CORD_TUC_STAFE,Custodia/Coleta,25914.04847262649
2024-07-01,VOLKSWAGEN,Rosario,Custodia/Coleta,25914.04847262649
2024-07-01,VOLKSWAGEN,TIERRA DEL FUEGO,Custodia/Coleta,46491.10755729787
2024-10-01,CHEVROLET,CABA,Custodia/Coleta,26566.34717559879
2024-10-01,CHEVROLET,CORD_TUC_STAFE,Custodia/Coleta,29023.73428934168
2024-10-01,CHEVROLET,Rosario,Custodia/Coleta,29023.73428934168
2024-10-01,CHEVROLET,TIERRA DEL FUEGO,Custodia/Coleta,52070.04046417362
2024-10-01,FIAT,CABA,Custodia/Coleta,26566.347175598785
2024-10-01,FIAT,CORD_TUC_STAFE,Custodia/Coleta,29023.73428934168
2024-10-01,FIAT,Rosario,Custodia/Coleta,29023.73428934168
2024-10-01,FIAT,TIERRA DEL FUEGO,Custodia/Coleta,52070.04046417362
2024-10-01,FORD,CABA,Custodia/Coleta,26566.34717559879
2024-10-01,FORD,CORD_TUC_STAFE,Custodia/Coleta,29023.73428934168
2024-10-01,FORD,Rosario,Custodia/Coleta,29023.73428934168
2024-10-01,FORD,TIERRA DEL FUEGO,Custodia/Coleta,52070.04046417362
2024-10-01,PEUGEOT,CABA,Custodia/Coleta,26566.34717559879
2024-10-01,PEUGEOT,CORD_TUC_STAFE,Custodia/Coleta,29023.73428934168
2024-10-01,PEUGEOT,Rosario,Custodia/Coleta,29023.73428934168
2024-10-01,PEUGEOT,TIERRA DEL FUEGO,Custodia/Coleta,52070.04046417362
2024-10-01,RENAULT,CABA,Custodia/Coleta,26566.34717559879
2024-10-01,RENAULT,CORD_TUC_STAFE,Custodia/Coleta,29023.73428934168
2024-10-01,RENAULT,Rosario,Custodia/Coleta,29023.73428934168
2024-10-01,RENAULT,TIERRA DEL FUEGO,Custodia/Coleta,52070.04046417362
2024-10-01,TOYOTA,CABA,Custodia/Coleta,26566.347175598785
2024-10-01,TOYOTA,CORD_TUC_STAFE,Custodia/Coleta,29023.734289341675
2024-10-01,TOYOTA,Rosario,Custodia/Coleta,29023.734289341675
2024-10-01,TOYOTA,TIERRA DEL FUEGO,Custodia/Coleta,52070.04046417361
2024-10-01,VOLKSWAGEN,CABA,Custodia/Coleta,27202.486443124075
2024-10-01,VOLKSWAGEN,CORD_TUC_STAFE,Custodia/Coleta,29718.716439113057
2024-10-01,VOLKSWAGEN,Rosario,Custodia/Coleta,29718.716439113057
2024-10-01,VOLKSWAGEN,TIERRA DEL FUEGO,Custodia/Coleta,53316.87342852318
2025-01-01,CHEVROLET,CABA,Custodia/Coleta,26566.34717559879
2025-01-01,CHEVROLET,CORD_TUC_STAFE,Custodia/Coleta,29023.73428934168
2025-01-01,CHEVROLET,Rosario,Custodia/Coleta,29023.73428934168
2025-01-01,CHEVROLET,TIERRA DEL FUEGO,Custodia/Coleta,52070.04046417362
2025-01-01,FIAT,CABA,Custodia/Coleta,26566.347175598785
2025-01-01,FIAT,CORD_TUC_STAFE,Custodia/Coleta,29023.73428934168
2025-01-01,FIAT,Rosario,Custodia/Coleta,29023.73428934168
2025-01-01,FIAT,TIERRA DEL FUEGO,Custodia/Coleta,52070.04046417362
2025-01-01,FORD,CABA,Custodia/Coleta,26566.34717559879
2025-01-01,FORD,CORD_TUC_STAFE,Custodia/Coleta,29023.73428934168
2025-01-01,FORD,Rosario,Custodia/Coleta,29023.73428934168
2025-01-01,FORD,TIERRA DEL FUEGO,Custodia/Coleta,52070.04046417362
2025-01-01,PEUGEOT,CABA,Custodia/Coleta,26566.34717559879
2025-01-01,PEUGEOT,CORD_TUC_STAFE,Custodia/Coleta,29023.73428934168
2025-01-01,PEUGEOT,Rosario,Custodia/Coleta,29023.73428934168
2025-01-01,PEUGEOT,TIERRA DEL FUEGO,Custodia/Coleta,52070.04046417362
2025-01-01,RENAULT,CABA,Custodia/Coleta,26566.34717559879
2025-01-01,RENAULT,CORD_TUC_STAFE,Custodia/Coleta,29023.73428934168
2025-01-01,RENAULT,Rosario,Custodia/Coleta,29023.73428934168
2025-01-01,RENAULT,TIERRA DEL FUEGO,Custodia/Coleta,52070.04046417362
2025-01-01,TOYOTA,CABA,Custodia/Coleta,26566.347175598785
2025-01-01,TOYOTA,CORD_TUC_STAFE,Custodia/Coleta,29023.734289341675
2025-01-01,TOYOTA,Rosario,Custodia/Coleta,29023.734289341675
2025-01-01,TOYOTA,TIERRA DEL FUEGO,Custodia/Coleta,52070.04046417361
2025-01-01,VOLKSWAGEN,CABA,Custodia/Coleta,27202.486443124075
2025-01-01,VOLKSWAGEN,CORD_TUC_STAFE,Custodia/Coleta,29718.716439113057
2025-01-01,VOLKSWAGEN,Rosario,Custodia/Coleta,29718.716439113057
2025-01-01,VOLKSWAGEN,TIERRA DEL FUEGO,Custodia/Coleta,53316.87342852318
2025-04-01,CHEVROLET,CABA,Custodia/Coleta,28957.318421402684
2025-04-01,CHEVROLET,CORD_TUC_STAFE,Custodia/Coleta,31635.870375382434
2025-04-01,CHEVROLET,Rosario,Custodia/Coleta,31635.870375382434
2025-04-01,CHEVROLET,TIERRA DEL FUEGO,Custodia/Coleta,56756.34410594925
2025-04-01,FIAT,CABA,Custodia/Coleta,28957.318421402684
2025-04-01,FIAT,CORD_TUC_STAFE,Custodia/Coleta,31635.87037538243
2025-04-01,FIAT,Rosario,Custodia/Coleta,31635.87037538243
2025-04-01,FIAT,TIERRA DEL FUEGO,Custodia/Coleta,56756.344105949254
2025-04-01,FORD,CABA,Custodia/Coleta,28957.31842140268
2025-04-01,FORD,CORD_TUC_STAFE,Custodia/Coleta,31635.870375382427
2025-04-01,FORD,Rosario,Custodia/Coleta,31635.870375382427
2025-04-01,FORD,TIERRA DEL FUEGO,Custodia/Coleta,56756.34410594925
2025-04-01,PEUGEOT,CABA,Custodia/Coleta,28957.31842140268
2025-04-01,PEUGEOT,CORD_TUC_STAFE,Custodia/Coleta,31635.87037538243
2025-04-01,PEUGEOT,Rosario,Custodia/Coleta,31635.87037538243
2025-04-01,PEUGEOT,TIERRA DEL FUEGO,Custodia/Coleta,56756.34410594925
2025-04-01,RENAULT,CABA,Custodia/Coleta,28957.31842140268
2025-04-01,RENAULT,CORD_TUC_STAFE,Custodia/Coleta,31635.87037538243
2025-04-01,RENAULT,Rosario,Custodia/Coleta,31635.87037538243
2025-04-01,RENAULT,TIERRA DEL FUEGO,Custodia/Coleta,56756.34410594925
2025-04-01,TOYOTA,CABA,Custodia/Coleta,28957.31842140268
2025-04-01,TOYOTA,CORD_TUC_STAFE,Custodia/Coleta,31635.870375382427
2025-04-01,TOYOTA,Rosario,Custodia/Coleta,31635.870375382427
2025-04-01,TOYOTA,TIERRA DEL FUEGO,Custodia/Coleta,56756.34410594925
2025-04-01,VOLKSWAGEN,CABA,Custodia/Coleta,28957.318421402684
2025-04-01,VOLKSWAGEN,CORD_TUC_STAFE,Custodia/Coleta,31635.870375382434
2025-04-01,VOLKSWAGEN,Rosario,Custodia/Coleta,31635.870375382434
2025-04-01,VOLKSWAGEN,TIERRA DEL FUEGO,Custodia/Coleta,56756.34410594925
2023-12-01,CHEVROLET,CABA,Luneta,27811.49693801808
2023-12-01,CHEVROLET,CORD_TUC_STAFE,Luneta,30384.060404784763
2023-12-01,CHEVROLET,Rosario,Luneta,30384.060404784763
2023-12-01,CHEVROLET,TIERRA DEL FUEGO,Luneta,54510.53399851546
2023-12-01,FIAT,CABA,Luneta,25707.724760437985
2023-12-01,FIAT,CORD_TUC_STAFE,Luneta,28085.689300778504
2023-12-01,FIAT,Rosario,Luneta,28085.689300778504
2023-12-01,FIAT,TIERRA DEL FUEGO,Luneta,50387.14053045846
2023-12-01,FORD,CABA,Luneta,26932.77236198738
2023-12-01,FORD,CORD_TUC_STAFE,Luneta,29424.053805471216
2023-12-01,FORD,Rosario,Luneta,29424.053805471216
2023-12-01,FORD,TIERRA DEL FUEGO,Luneta,52788.23382949528
2023-12-01,PEUGEOT,CABA,Luneta,27703.213319709776
2023-12-01,PEUGEOT,CORD_TUC_STAFE,Luneta,30265.760551782932
2023-12-01,PEUGEOT,Rosario,Luneta,30265.760551782932
2023-12-01,PEUGEOT,TIERRA DEL FUEGO,Luneta,54298.29810663117
2023-12-01,RENAULT,CABA,Luneta,25338.521655071774
2023-12-01,RENAULT,CORD_TUC_STAFE,Luneta,27682.334908165918
2023-12-01,RENAULT,Rosario,Luneta,27682.334908165918
2023-12-01,RENAULT,TIERRA DEL FUEGO,Luneta,49663.502443940684
2023-12-01,TOYOTA,CABA,Luneta,27726.0653820151
2023-12-01,TOYOTA,CORD_TUC_STAFE,Luneta,30290.7264298515
2023-12-01,TOYOTA,Rosario,Luneta,30290.7264298515
2023-12-01,TOYOTA,TIERRA DEL FUEGO,Luneta,54343.0881487496
2023-12-01,VOLKSWAGEN,CABA,Luneta,27652.02470014584
2023-12-01,VOLKSWAGEN,CORD_TUC_STAFE,Luneta,30209.83698490934
2023-12-01,VOLKSWAGEN,Rosario,Luneta,30209.83698490934
2023-12-01,VOLKSWAGEN,TIERRA DEL FUEGO,Luneta,54197.96841228586
2024-02-01,CHEVROLET,CABA,Luneta,30314.53166243972
2024-02-01,CHEVROLET,CORD_TUC_STAFE,Luneta,33118.6258412154
2024-02-01,CHEVROLET,Rosario,Luneta,33118.6258412154
2024-02-01,CHEVROLET,TIERRA DEL FUEGO,Luneta,59416.48205838185
2024-02-01,FIAT,CABA,Luneta,28021.419988877413
2024-02-01,FIAT,CORD_TUC_STAFE,Luneta,30613.40133784857
2024-02-01,FIAT,Rosario,Luneta,30613.40133784857
2024-02-01,FIAT,TIERRA DEL FUEGO,Luneta,54921.98317819973
2024-02-01,FORD,CABA,Luneta,29356.721874566254
2024-02-01,FORD,CORD_TUC_STAFE,Luneta,32072.21864796363
2024-02-01,FORD,Rosario,Luneta,32072.21864796363
2024-02-01,FORD,TIERRA DEL FUEGO,Luneta,57539.17487414985
2024-02-01,PEUGEOT,CABA,Luneta,30196.502518483663
2024-02-01,PEUGEOT,CORD_TUC_STAFE,Luneta,32989.6790014434
2024-02-01,PEUGEOT,Rosario,Luneta,32989.6790014434
2024-02-01,PEUGEOT,TIERRA DEL FUEGO,Luneta,59185.144936227975
2024-02-01,RENAULT,CABA,Luneta,27618.988604028244
2024-02-01,RENAULT,CORD_TUC_STAFE,Luneta,30173.745049900852
2024-02-01,RENAULT,Rosario,Luneta,30173.745049900852
2024-02-01,RENAULT,TIERRA DEL FUEGO,Luneta,54133.217663895346
2024-02-01,TOYOTA,CABA,Luneta,30221.411266396466
2024-02-01,TOYOTA,CORD_TUC_STAFE,Luneta,33016.89180853814
2024-02-01,TOYOTA,Rosario,Luneta,33016.89180853814
2024-02-01,TOYOTA,TIERRA DEL FUEGO,Luneta,59233.96608213707
2024-02-01,VOLKSWAGEN,CABA,Luneta,30140.70692315898
2024-02-01,VOLKSWAGEN,CORD_TUC_STAFE,Luneta,32928.72231355118
2024-02-01,VOLKSWAGEN,Rosario,Luneta,32928.72231355118
2024-02-01,VOLKSWAGEN,TIERRA DEL FUEGO,Luneta,59075.7855693916
2024-03-01,CHEVROLET,CABA,Luneta,33345.98482868369
2024-03-01,CHEVROLET,CORD_TUC_STAFE,Luneta,36430.48842533694
2024-03-01,CHEVROLET,Rosario,Luneta,36430.48842533694
2024-03-01,CHEVROLET,TIERRA DEL FUEGO,Luneta,65358.130264220046
2024-03-01,FIAT,CABA,Luneta,30823.56198776515
2024-03-01,FIAT,CORD_TUC_STAFE,Luneta,33674.74147163343
2024-03-01,FIAT,Rosario,Luneta,33674.74147163343
2024-03-01,FIAT,TIERRA DEL FUEGO,Luneta,60414.1814960197
2024-03-01,FORD,CABA,Luneta,32358.70575394537
2024-03-01,FORD,CORD_TUC_STAFE,Luneta,35351.88603618532
2024-03-01,FORD,Rosario,Luneta,35351.88603618532
2024-03-01,FORD,TIERRA DEL FUEGO,Luneta,63423.06327773293
2024-03-01,PEUGEOT,CABA,Luneta,33216.15277033203
2024-03-01,PEUGEOT,CORD_TUC_STAFE,Luneta,36288.646901587745
2024-03-01,PEUGEOT,Rosario,Luneta,36288.646901587745
2024-03-01,PEUGEOT,TIERRA DEL FUEGO,Luneta,65103.659429850784
2024-03-01,RENAULT,CABA,Luneta,30380.887464431064
2024-03-01,RENAULT,CORD_TUC_STAFE,Luneta,33191.119554890945
2024-03-01,RENAULT,Rosario,Luneta,33191.119554890945
2024-03-01,RENAULT,TIERRA DEL FUEGO,Luneta,59546.539430284894
2024-03-01,TOYOTA,CABA,Luneta,33243.552393036116
2024-03-01,TOYOTA,CORD_TUC_STAFE,Luneta,36318.58098939196
2024-03-01,TOYOTA,Rosario,Luneta,36318.58098939196
2024-03-01,TOYOTA,TIERRA DEL FUEGO,Luneta,65157.36269035079
2024-03-01,VOLKSWAGEN,CABA,Luneta,33132.07721573319
2024-03-01,VOLKSWAGEN,CORD_TUC_STAFE,Luneta,36196.79435818852
2024-03-01,VOLKSWAGEN,Rosario,Luneta,36196.79435818852
2024-03-01,VOLKSWAGEN,TIERRA DEL FUEGO,Luneta,64938.87134283706
2024-05-01,CHEVROLET,CABA,Luneta,35446.78187289076
2024-05-01,CHEVROLET,CORD_TUC_STAFE,Luneta,38725.60919613318
2024-05-01,CHEVROLET,Rosario,Luneta,38725.60919613318
2024-05-01,CHEVROLET,TIERRA DEL FUEGO,Luneta,69475.6924708659
2024-05-01,FIAT,CABA,Luneta,32821.42716586157
2024-05-01,FIAT,CORD_TUC_STAFE,Luneta,35857.40917870378
2024-05-01,FIAT,Rosario,Luneta,35857.40917870378
2024-05-01,FIAT,TIERRA DEL FUEGO,Luneta,64329.99724508869
2024-05-01,FORD,CABA,Luneta,34462.47359563575
2024-05-01,FORD,CORD_TUC_STAFE,Luneta,37650.25240323207
2024-05-01,FORD,Rosario,Luneta,37650.25240323207
2024-05-01,FORD,TIERRA DEL FUEGO,Luneta,67546.4482474461
2024-05-01,PEUGEOT,CABA,Luneta,35308.77039486294
2024-05-01,PEUGEOT,CORD_TUC_STAFE,Luneta,38574.83165638778
2024-05-01,PEUGEOT,Rosario,Luneta,38574.83165638778
2024-05-01,PEUGEOT,TIERRA DEL FUEGO,Luneta,69205.18997393138
2024-05-01,RENAULT,CABA,Luneta,32294.88337469022
2024-05-01,RENAULT,CORD_TUC_STAFE,Luneta,35282.16008684908
2024-05-01,RENAULT,Rosario,Luneta,35282.16008684908
2024-05-01,RENAULT,TIERRA DEL FUEGO,Luneta,63297.97141439284
2024-05-01,TOYOTA,CABA,Luneta,35337.89619379739
2024-05-01,TOYOTA,CORD_TUC_STAFE,Luneta,38606.65159172366
2024-05-01,TOYOTA,Rosario,Luneta,38606.65159172366
2024-05-01,TOYOTA,TIERRA DEL FUEGO,Luneta,69262.27653984289
2024-05-01,VOLKSWAGEN,CABA,Luneta,35219.398080324376
2024-05-01,VOLKSWAGEN,CORD_TUC_STAFE,Luneta,38477.1924027544
2024-05-01,VOLKSWAGEN,Rosario,Luneta,38477.1924027544
2024-05-01,VOLKSWAGEN,TIERRA DEL FUEGO,Luneta,69030.0202374358
2024-07-01,CHEVROLET,CABA,Luneta,37928.05660399312
2024-07-01,CHEVROLET,CORD_TUC_STAFE,Luneta,41436.40183986249
2024-07-01,CHEVROLET,Rosario,Luneta,41436.40183986249
2024-07-01,CHEVROLET,TIERRA DEL FUEGO,Luneta,74338.99094382652
2024-07-01,FIAT,CABA,Luneta,35059.02764050396
2024-07-01,FIAT,CORD_TUC_STAFE,Luneta,38301.98769725059
2024-07-01,FIAT,Rosario,Luneta,38301.98769725059
2024-07-01,FIAT,TIERRA DEL FUEGO,Luneta,68715.69417538778
2024-07-01,FORD,CABA,Luneta,36907.775386427464
2024-07-01,FORD,CORD_TUC_STAFE,Luneta,40321.74460967201
2024-07-01,FORD,Rosario,Luneta,40321.74460967201
2024-07-01,FORD,TIERRA DEL FUEGO,Luneta,72339.23975739784
2024-07-01,PEUGEOT,CABA,Luneta,37780.384322503356
2024-07-01,PEUGEOT,CORD_TUC_STAFE,Luneta,41275.06987233492
2024-07-01,PEUGEOT,Rosario,Luneta,41275.06987233492
2024-07-01,PEUGEOT,TIERRA DEL FUEGO,Luneta,74049.55327210658
2024-07-01,RENAULT,CABA,Luneta,34555.52521091854
2024-07-01,RENAULT,CORD_TUC_STAFE,Luneta,37751.91129292851
2024-07-01,RENAULT,Rosario,Luneta,37751.91129292851
2024-07-01,RENAULT,TIERRA DEL FUEGO,Luneta,67728.82941340035
2024-07-01,TOYOTA,CABA,Luneta,37811.548927363205
2024-07-01,TOYOTA,CORD_TUC_STAFE,Luneta,41309.117203144306
2024-07-01,TOYOTA,Rosario,Luneta,41309.117203144306
2024-07-01,TOYOTA,TIERRA DEL FUEGO,Luneta,74110.63589763189
2024-07-01,VOLKSWAGEN,CABA,Luneta,37684.7559459471
2024-07-01,VOLKSWAGEN,CORD_TUC_STAFE,Luneta,41170.5958709472
2024-07-01,VOLKSWAGEN,Rosario,Luneta,41170.5958709472
2024-07-01,VOLKSWAGEN,TIERRA DEL FUEGO,Luneta,73862.1216540563
2024-10-01,CHEVROLET,CABA,Luneta,41744.666077395654
2024-10-01,CHEVROLET,CORD_TUC_STAFE,Luneta,45606.047689554754
2024-10-01,CHEVROLET,Rosario,Luneta,45606.047689554754
2024-10-01,CHEVROLET,TIERRA DEL FUEGO,Luneta,81819.54551169547
2024-10-01,FIAT,CABA,Luneta,38694.54875194603
2024-10-01,FIAT,CORD_TUC_STAFE,Luneta,42273.794511501044
2024-10-01,FIAT,Rosario,Luneta,42273.794511501044
2024-10-01,FIAT,TIERRA DEL FUEGO,Luneta,75841.31555381422
2024-10-01,FORD,CABA,Luneta,40667.11496346056
2024-10-01,FORD,CORD_TUC_STAFE,Luneta,44428.82309758067
2024-10-01,FORD,Rosario,Luneta,44428.82309758067
2024-10-01,FORD,TIERRA DEL FUEGO,Luneta,79707.54532838271
2024-10-01,PEUGEOT,CABA,Luneta,41558.4227547537
2024-10-01,PEUGEOT,CORD_TUC_STAFE,Luneta,45402.57685956842
2024-10-01,PEUGEOT,Rosario,Luneta,45402.57685956842
2024-10-01,PEUGEOT,TIERRA DEL FUEGO,Luneta,81454.50859931725
2024-10-01,RENAULT,CABA,Luneta,38106.97586537188
2024-10-01,RENAULT,CORD_TUC_STAFE,Luneta,41631.87113291878
2024-10-01,RENAULT,Rosario,Luneta,41631.87113291878
2024-10-01,RENAULT,TIERRA DEL FUEGO,Luneta,74689.67269612888
2024-10-01,TOYOTA,CABA,Luneta,41624.620584923694
2024-10-01,TOYOTA,CORD_TUC_STAFE,Luneta,45474.89798902914
2024-10-01,TOYOTA,Rosario,Luneta,45474.89798902914
2024-10-01,TOYOTA,TIERRA DEL FUEGO,Luneta,81584.25634645043
2024-10-01,VOLKSWAGEN,CABA,Luneta,41453.23154054181
2024-10-01,VOLKSWAGEN,CORD_TUC_STAFE,Luneta,45287.65545804193
2024-10-01,VOLKSWAGEN,Rosario,Luneta,45287.65545804193
2024-10-01,VOLKSWAGEN,TIERRA DEL FUEGO,Luneta,81248.33381946194
2025-01-01,CHEVROLET,CABA,Luneta,41744.666077395654
2025-01-01,CHEVROLET,CORD_TUC_STAFE,Luneta,45606.047689554754
2025-01-01,CHEVROLET,Rosario,Luneta,45606.047689554754
2025-01-01,CHEVROLET,TIERRA DEL FUEGO,Luneta,81819.54551169547
2025-01-01,FIAT,CABA,Luneta,38694.54875194603
2025-01-01,FIAT,CORD_TUC_STAFE,Luneta,42273.794511501044
2025-01-01,FIAT,Rosario,Luneta,42273.794511501044
2025-01-01,FIAT,TIERRA DEL FUEGO,Luneta,75841.31555381422
2025-01-01,FORD,CABA,Luneta,40667.11496346056
2025-01-01,FORD,CORD_TUC_STAFE,Luneta,44428.82309758067
2025-01-01,FORD,Rosario,Luneta,44428.82309758067
2025-01-01,FORD,TIERRA DEL FUEGO,Luneta,79707.54532838271
2025-01-01,PEUGEOT,CABA,Luneta,41592.70382009954
2025-01-01,PEUGEOT,CORD_TUC_STAFE,Luneta,45440.028923458754
2025-01-01,PEUGEOT,Rosario,Luneta,45440.028923458754
2025-01-01,PEUGEOT,TIERRA DEL FUEGO,Luneta,81521.69948739509
2025-01-01,RENAULT,CABA,Luneta,38198.87829701907
2025-01-01,RENAULT,CORD_TUC_STAFE,Luneta,41732.274539493344
2025-01-01,RENAULT,Rosario,Luneta,41732.274539493344
2025-01-01,RENAULT,TIERRA DEL FUEGO,Luneta,74869.80146215738
2025-01-01,TOYOTA,CABA,Luneta,41624.620584923694
2025-01-01,TOYOTA,CORD_TUC_STAFE,Luneta,45474.89798902914
2025-01-01,TOYOTA,Rosario,Luneta,45474.89798902914
2025-01-01,TOYOTA,TIERRA DEL FUEGO,Luneta,81584.25634645043
2025-01-01,VOLKSWAGEN,CABA,Luneta,41467.624257351206
2025-01-01,VOLKSWAGEN,CORD_TUC_STAFE,Luneta,45303.3795011562
2025-01-01,VOLKSWAGEN,Rosario,Luneta,45303.3795011562
2025-01-01,VOLKSWAGEN,TIERRA DEL FUEGO,Luneta,81276.54354440836
2025-04-01,CHEVROLET,CABA,Luneta,45526.12813719242
2025-04-01,CHEVROLET,CORD_TUC_STAFE,Luneta,49737.29498988273
2025-04-01,CHEVROLET,Rosario,Luneta,49737.29498988273
2025-04-01,CHEVROLET,TIERRA DEL FUEGO,Luneta,89231.21114889716
2025-04-01,FIAT,CABA,Luneta,42177.058139621164
2025-04-01,FIAT,CORD_TUC_STAFE,Luneta,46078.43601753613
2025-04-01,FIAT,Rosario,Luneta,46078.43601753613
2025-04-01,FIAT,TIERRA DEL FUEGO,Luneta,82667.03395365749
2025-04-01,FORD,CABA,Luneta,44362.55502257315
2025-04-01,FORD,CORD_TUC_STAFE,Luneta,48466.09136216117
2025-04-01,FORD,Rosario,Luneta,48466.09136216117
2025-04-01,FORD,TIERRA DEL FUEGO,Luneta,86950.60784424338
2025-04-01,PEUGEOT,CABA,Luneta,45336.047163908486
2025-04-01,PEUGEOT,CORD_TUC_STAFE,Luneta,49529.631526570025
2025-04-01,PEUGEOT,Rosario,Luneta,49529.631526570025
2025-04-01,PEUGEOT,TIERRA DEL FUEGO,Luneta,88858.65244126065
2025-04-01,RENAULT,CABA,Luneta,41636.777343750786
2025-04-01,RENAULT,CORD_TUC_STAFE,Luneta,45488.17924804774
2025-04-01,RENAULT,Rosario,Luneta,45488.17924804774
2025-04-01,RENAULT,TIERRA DEL FUEGO,Luneta,81608.08359375155
2025-04-01,TOYOTA,CABA,Luneta,45370.83643756682
2025-04-01,TOYOTA,CORD_TUC_STAFE,Luneta,49567.63880804175
2025-04-01,TOYOTA,Rosario,Luneta,49567.63880804175
2025-04-01,TOYOTA,TIERRA DEL FUEGO,Luneta,88926.83941763098
2025-04-01,VOLKSWAGEN,CABA,Luneta,45199.71044051281
2025-04-01,VOLKSWAGEN,CORD_TUC_STAFE,Luneta,49380.683656260255
2025-04-01,VOLKSWAGEN,Rosario,Luneta,49380.683656260255
2025-04-01,VOLKSWAGEN,TIERRA DEL FUEGO,Luneta,88591.43246340513
2023-12-01,CHEVROLET,CABA,Parabrisas,38596.04229745618
2023-12-01,CHEVROLET,CORD_TUC_STAFE,Parabrisas,42166.17620997088
2023-12-01,CHEVROLET,Rosario,Parabrisas,42166.17620997088
2023-12-01,CHEVROLET,TIERRA DEL FUEGO,Parabrisas,75648.2429030141
2023-12-01,FIAT,CABA,Parabrisas,38842.38392527059
2023-12-01,FIAT,CORD_TUC_STAFE,Parabrisas,42435.304438358115
2023-12-01,FIAT,Rosario,Parabrisas,42435.304438358115
2023-12-01,FIAT,TIERRA DEL FUEGO,Parabrisas,76131.07249353034
2023-12-01,FORD,CABA,Parabrisas,38622.590336341746
2023-12-01,FORD,CORD_TUC_STAFE,Parabrisas,42195.17994245336
2023-12-01,FORD,Rosario,Parabrisas,42195.17994245336
2023-12-01,FORD,TIERRA DEL FUEGO,Parabrisas,75700.27705922982
2023-12-01,PEUGEOT,CABA,Parabrisas,38515.0843836
2023-12-01,PEUGEOT,CORD_TUC_STAFE,Parabrisas,42077.729689083
2023-12-01,PEUGEOT,Rosario,Parabrisas,42077.729689083
2023-12-01,PEUGEOT,TIERRA DEL FUEGO,Parabrisas,75489.565391856
2023-12-01,RENAULT,CABA,Parabrisas,38029.7413584
2023-12-01,RENAULT,CORD_TUC_STAFE,Parabrisas,41547.492434052
2023-12-01,RENAULT,Rosario,Parabrisas,41547.492434052
2023-12-01,RENAULT,TIERRA DEL FUEGO,Parabrisas,74538.29306246398
2023-12-01,TOYOTA,CABA,Parabrisas,38543.81601363934
2023-12-01,TOYOTA,CORD_TUC_STAFE,Parabrisas,42109.118994900986
2023-12-01,TOYOTA,Rosario,Parabrisas,42109.118994900986
2023-12-01,TOYOTA,TIERRA DEL FUEGO,Parabrisas,75545.8793867331
2023-12-01,VOLKSWAGEN,CABA,Parabrisas,38812.53168801509
2023-12-01,VOLKSWAGEN,CORD_TUC_STAFE,Parabrisas,42402.69086915649
2023-12-01,VOLKSWAGEN,Rosario,Parabrisas,42402.69086915649
2023-12-01,VOLKSWAGEN,TIERRA DEL FUEGO,Parabrisas,76072.56210850958
2024-02-01,CHEVROLET,CABA,Parabrisas,42072.411791520004
2024-02-01,CHEVROLET,CORD_TUC_STAFE,Parabrisas,45964.109882235614
2024-02-01,CHEVROLET,Rosario,Parabrisas,45964.109882235614
2024-02-01,CHEVROLET,TIERRA DEL FUEGO,Parabrisas,82461.9271113792
2024-02-01,FIAT,CABA,Parabrisas,42338.19847854494
2024-02-01,FIAT,CORD_TUC_STAFE,Parabrisas,46254.48183781036
2024-02-01,FIAT,Rosario,Parabrisas,46254.48183781036
2024-02-01,FIAT,TIERRA DEL FUEGO,Parabrisas,82982.86901794809
2024-02-01,FORD,CABA,Parabrisas,42098.62346661251
2024-02-01,FORD,CORD_TUC_STAFE,Parabrisas,45992.746137274175
2024-02-01,FORD,Rosario,Parabrisas,45992.746137274175
2024-02-01,FORD,TIERRA DEL FUEGO,Parabrisas,82513.30199456052
2024-02-01,PEUGEOT,CABA,Parabrisas,41981.44197812401
2024-02-01,PEUGEOT,CORD_TUC_STAFE,Parabrisas,45864.72536110048
2024-02-01,PEUGEOT,Rosario,Parabrisas,45864.72536110048
2024-02-01,PEUGEOT,TIERRA DEL FUEGO,Parabrisas,82283.62627712304
2024-02-01,RENAULT,CABA,Parabrisas,41452.418080656
2024-02-01,RENAULT,CORD_TUC_STAFE,Parabrisas,45286.766753116695
2024-02-01,RENAULT,Rosario,Parabrisas,45286.766753116695
2024-02-01,RENAULT,TIERRA DEL FUEGO,Parabrisas,81246.73943808577
2024-02-01,TOYOTA,CABA,Parabrisas,42012.759454866886
2024-02-01,TOYOTA,CORD_TUC_STAFE,Parabrisas,45898.939704442084
2024-02-01,TOYOTA,Rosario,Parabrisas,45898.939704442084
2024-02-01,TOYOTA,TIERRA DEL FUEGO,Parabrisas,82345.0085315391
2024-02-01,VOLKSWAGEN,CABA,Parabrisas,42305.65953993645
2024-02-01,VOLKSWAGEN,CORD_TUC_STAFE,Parabrisas,46218.93304738059
2024-02-01,VOLKSWAGEN,Rosario,Parabrisas,46218.93304738059
2024-02-01,VOLKSWAGEN,TIERRA DEL FUEGO,Parabrisas,82919.09269827546
2024-03-01,CHEVROLET,CABA,Parabrisas,46279.65297067201
2024-03-01,CHEVROLET,CORD_TUC_STAFE,Parabrisas,50560.52087045917
2024-03-01,CHEVROLET,Rosario,Parabrisas,50560.52087045917
2024-03-01,CHEVROLET,TIERRA DEL FUEGO,Parabrisas,90708.11982251714
2024-03-01,FIAT,CABA,Parabrisas,46572.01832639944
2024-03-01,FIAT,CORD_TUC_STAFE,Parabrisas,50879.9300215914
2024-03-01,FIAT,Rosario,Parabrisas,50879.9300215914
2024-03-01,FIAT,TIERRA DEL FUEGO,Parabrisas,91281.15591974292
2024-03-01,FORD,CABA,Parabrisas,46308.485813273765
2024-03-01,FORD,CORD_TUC_STAFE,Parabrisas,50592.0207510016
2024-03-01,FORD,Rosario,Parabrisas,50592.0207510016
2024-03-01,FORD,TIERRA DEL FUEGO,Parabrisas,90764.63219401658
2024-03-01,PEUGEOT,CABA,Parabrisas,46183.99163230842
2024-03-01,PEUGEOT,CORD_TUC_STAFE,Parabrisas,50456.010858296955
2024-03-01,PEUGEOT,Rosario,Parabrisas,50456.010858296955
2024-03-01,PEUGEOT,TIERRA DEL FUEGO,Parabrisas,90520.62359932449
2024-03-01,RENAULT,CABA,Parabrisas,45597.65988872161
2024-03-01,RENAULT,CORD_TUC_STAFE,Parabrisas,49815.44342842836
2024-03-01,RENAULT,Rosario,Parabrisas,49815.44342842836
2024-03-01,RENAULT,TIERRA DEL FUEGO,Parabrisas,89371.41338189435
2024-03-01,TOYOTA,CABA,Parabrisas,46613.038471356354
2024-03-01,TOYOTA,CORD_TUC_STAFE,Parabrisas,50924.74452995682
2024-03-01,TOYOTA,Rosario,Parabrisas,50924.74452995682
2024-03-01,TOYOTA,TIERRA DEL FUEGO,Parabrisas,91361.55540385845
2024-03-01,VOLKSWAGEN,CABA,Parabrisas,46536.225493930106
2024-03-01,VOLKSWAGEN,CORD_TUC_STAFE,Parabrisas,50840.826352118645
2024-03-01,VOLKSWAGEN,Rosario,Parabrisas,50840.826352118645
2024-03-01,VOLKSWAGEN,TIERRA DEL FUEGO,Parabrisas,91211.00196810302
2024-05-01,CHEVROLET,CABA,Parabrisas,49196.81271656063
2024-05-01,CHEVROLET,CORD_TUC_STAFE,Parabrisas,53747.517892842494
2024-05-01,CHEVROLET,Rosario,Parabrisas,53747.517892842494
2024-05-01,CHEVROLET,TIERRA DEL FUEGO,Parabrisas,96425.75292445885
2024-05-01,FIAT,CABA,Parabrisas,49506.055480962605
2024-05-01,FIAT,CORD_TUC_STAFE,Parabrisas,54085.36561295165
2024-05-01,FIAT,Rosario,Parabrisas,54085.36561295165
2024-05-01,FIAT,TIERRA DEL FUEGO,Parabrisas,97031.86874268671
2024-05-01,FORD,CABA,Parabrisas,49228.03810888245
2024-05-01,FORD,CORD_TUC_STAFE,Parabrisas,53781.63163395408
2024-05-01,FORD,Rosario,Parabrisas,53781.63163395408
2024-05-01,FORD,TIERRA DEL FUEGO,Parabrisas,96486.95469340959
2024-05-01,PEUGEOT,CABA,Parabrisas,49098.09266081828
2024-05-01,PEUGEOT,CORD_TUC_STAFE,Parabrisas,53639.666231943964
2024-05-01,PEUGEOT,Rosario,Parabrisas,53639.666231943964
2024-05-01,PEUGEOT,TIERRA DEL FUEGO,Parabrisas,96232.26161520381
2024-05-01,RENAULT,CABA,Parabrisas,48470.31246171107
2024-05-01,RENAULT,CORD_TUC_STAFE,Parabrisas,52953.81636441935
2024-05-01,RENAULT,Rosario,Parabrisas,52953.81636441935
2024-05-01,RENAULT,TIERRA DEL FUEGO,Parabrisas,95001.81242495369
2024-05-01,TOYOTA,CABA,Parabrisas,49549.6598950518
2024-05-01,TOYOTA,CORD_TUC_STAFE,Parabrisas,54133.00343534409
2024-05-01,TOYOTA,Rosario,Parabrisas,54133.00343534409
2024-05-01,TOYOTA,TIERRA DEL FUEGO,Parabrisas,97117.33339430153
2024-05-01,VOLKSWAGEN,CABA,Parabrisas,49468.0077000477
2024-05-01,VOLKSWAGEN,CORD_TUC_STAFE,Parabrisas,54043.79841230212
2024-05-01,VOLKSWAGEN,Rosario,Parabrisas,54043.79841230212
2024-05-01,VOLKSWAGEN,TIERRA DEL FUEGO,Parabrisas,96957.2950920935
2024-07-01,CHEVROLET,CABA,Parabrisas,52640.58960671989
2024-07-01,CHEVROLET,CORD_TUC_STAFE,Parabrisas,57509.84414534147
2024-07-01,CHEVROLET,Rosario,Parabrisas,57509.84414534147
2024-07-01,CHEVROLET,TIERRA DEL FUEGO,Parabrisas,103175.55562917098
2024-07-01,FIAT,CABA,Parabrisas,53279.517363258994
2024-07-01,FIAT,CORD_TUC_STAFE,Parabrisas,58207.87271936044
2024-07-01,FIAT,Rosario,Parabrisas,58207.87271936044
2024-07-01,FIAT,TIERRA DEL FUEGO,Parabrisas,104427.85403198762
2024-07-01,FORD,CABA,Parabrisas,52674.00077650423
2024-07-01,FORD,CORD_TUC_STAFE,Parabrisas,57546.345848330864
2024-07-01,FORD,Rosario,Parabrisas,57546.345848330864
2024-07-01,FORD,TIERRA DEL FUEGO,Parabrisas,103241.04152194827
2024-07-01,PEUGEOT,CABA,Parabrisas,52534.95914707556
2024-07-01,PEUGEOT,CORD_TUC_STAFE,Parabrisas,57394.44286818005
2024-07-01,PEUGEOT,Rosario,Parabrisas,57394.44286818005
2024-07-01,PEUGEOT,TIERRA DEL FUEGO,Parabrisas,102968.5199282681
2024-07-01,RENAULT,CABA,Parabrisas,51863.23433403085
2024-07-01,RENAULT,CORD_TUC_STAFE,Parabrisas,56660.58350992871
2024-07-01,RENAULT,Rosario,Parabrisas,56660.58350992871
2024-07-01,RENAULT,TIERRA DEL FUEGO,Parabrisas,101651.93929470047
2024-07-01,TOYOTA,CABA,Parabrisas,53018.13608770544
2024-07-01,TOYOTA,CORD_TUC_STAFE,Parabrisas,57922.313675818186
2024-07-01,TOYOTA,Rosario,Parabrisas,57922.313675818186
2024-07-01,TOYOTA,TIERRA DEL FUEGO,Parabrisas,103915.54673190265
2024-07-01,VOLKSWAGEN,CABA,Parabrisas,53350.09854234951
2024-07-01,VOLKSWAGEN,CORD_TUC_STAFE,Parabrisas,58284.98265751683
2024-07-01,VOLKSWAGEN,Rosario,Parabrisas,58284.98265751683
2024-07-01,VOLKSWAGEN,TIERRA DEL FUEGO,Parabrisas,104566.19314300503
2024-10-01,CHEVROLET,CABA,Parabrisas,57906.424019939375
2024-10-01,CHEVROLET,CORD_TUC_STAFE,Parabrisas,63262.76824178377
2024-10-01,CHEVROLET,Rosario,Parabrisas,63262.76824178377
2024-10-01,CHEVROLET,TIERRA DEL FUEGO,Parabrisas,113496.5910790812
2024-10-01,FIAT,CABA,Parabrisas,58595.65144144698
2024-10-01,FIAT,CORD_TUC_STAFE,Parabrisas,64015.74919978082
2024-10-01,FIAT,Rosario,Parabrisas,64015.74919978082
2024-10-01,FIAT,TIERRA DEL FUEGO,Parabrisas,114847.47682523608
2024-10-01,FORD,CABA,Parabrisas,57941.40085415465
2024-10-01,FORD,CORD_TUC_STAFE,Parabrisas,63300.98043316396
2024-10-01,FORD,Rosario,Parabrisas,63300.98043316396
2024-10-01,FORD,TIERRA DEL FUEGO,Parabrisas,113565.14567414313
2024-10-01,PEUGEOT,CABA,Parabrisas,57788.45506178312
2024-10-01,PEUGEOT,CORD_TUC_STAFE,Parabrisas,63133.88715499806
2024-10-01,PEUGEOT,Rosario,Parabrisas,63133.88715499806
2024-10-01,PEUGEOT,TIERRA DEL FUEGO,Parabrisas,113265.37192109493
2024-10-01,RENAULT,CABA,Parabrisas,57049.55776743394
2024-10-01,RENAULT,CORD_TUC_STAFE,Parabrisas,62326.64186092158
2024-10-01,RENAULT,Rosario,Parabrisas,62326.64186092158
2024-10-01,RENAULT,TIERRA DEL FUEGO,Parabrisas,111817.13322417052
2024-10-01,TOYOTA,CABA,Parabrisas,58012.65350213384
2024-10-01,TOYOTA,CORD_TUC_STAFE,Parabrisas,63378.82395108123
2024-10-01,TOYOTA,Rosario,Parabrisas,63378.82395108123
2024-10-01,TOYOTA,TIERRA DEL FUEGO,Parabrisas,113704.80086418235
2024-10-01,VOLKSWAGEN,CABA,Parabrisas,58497.89236725731
2024-10-01,VOLKSWAGEN,CORD_TUC_STAFE,Parabrisas,63908.94741122862
2024-10-01,VOLKSWAGEN,Rosario,Parabrisas,63908.94741122862
2024-10-01,VOLKSWAGEN,TIERRA DEL FUEGO,Parabrisas,114655.86903982433
2025-01-01,CHEVROLET,CABA,Parabrisas,57906.424019939375
2025-01-01,CHEVROLET,CORD_TUC_STAFE,Parabrisas,63262.76824178377
2025-01-01,CHEVROLET,Rosario,Parabrisas,63262.76824178377
2025-01-01,CHEVROLET,TIERRA DEL FUEGO,Parabrisas,113496.5910790812
2025-01-01,FIAT,CABA,Parabrisas,58589.935291586786
2025-01-01,FIAT,CORD_TUC_STAFE,Parabrisas,64009.50430605856
2025-01-01,FIAT,Rosario,Parabrisas,64009.50430605856
2025-01-01,FIAT,TIERRA DEL FUEGO,Parabrisas,114836.2731715101
2025-01-01,FORD,CABA,Parabrisas,57941.40085415465
2025-01-01,FORD,CORD_TUC_STAFE,Parabrisas,63300.98043316396
2025-01-01,FORD,Rosario,Parabrisas,63300.98043316396
2025-01-01,FORD,TIERRA DEL FUEGO,Parabrisas,113565.14567414313
2025-01-01,PEUGEOT,CABA,Parabrisas,57798.50186865906
2025-01-01,PEUGEOT,CORD_TUC_STAFE,Parabrisas,63144.86329151003
2025-01-01,PEUGEOT,Rosario,Parabrisas,63144.86329151003
2025-01-01,PEUGEOT,TIERRA DEL FUEGO,Parabrisas,113285.06366257179
2025-01-01,RENAULT,CABA,Parabrisas,57066.561232215194
2025-01-01,RENAULT,CORD_TUC_STAFE,Parabrisas,62345.218146195104
2025-01-01,RENAULT,Rosario,Parabrisas,62345.218146195104
2025-01-01,RENAULT,TIERRA DEL FUEGO,Parabrisas,111850.46001514181
2025-01-01,TOYOTA,CABA,Parabrisas,58014.3841734119
2025-01-01,TOYOTA,CORD_TUC_STAFE,Parabrisas,63380.7147094525
2025-01-01,TOYOTA,Rosario,Parabrisas,63380.7147094525
2025-01-01,TOYOTA,TIERRA DEL FUEGO,Parabrisas,113708.19297988735
2025-01-01,VOLKSWAGEN,CABA,Parabrisas,58626.90875987197
2025-01-01,VOLKSWAGEN,CORD_TUC_STAFE,Parabrisas,64049.897820160135
2025-01-01,VOLKSWAGEN,Rosario,Parabrisas,64049.897820160135
2025-01-01,VOLKSWAGEN,TIERRA DEL FUEGO,Parabrisas,114908.74116934907
2025-04-01,CHEVROLET,CABA,Parabrisas,63123.566006154666
2025-04-01,CHEVROLET,CORD_TUC_STAFE,Parabrisas,68962.49586172398
2025-04-01,CHEVROLET,Rosario,Parabrisas,68962.49586172398
2025-04-01,CHEVROLET,TIERRA DEL FUEGO,Parabrisas,123722.18937206313
2025-04-01,FIAT,CABA,Parabrisas,63863.029467829605
2025-04-01,FIAT,CORD_TUC_STAFE,Parabrisas,69770.35969360384
2025-04-01,FIAT,Rosario,Parabrisas,69770.35969360384
2025-04-01,FIAT,TIERRA DEL FUEGO,Parabrisas,125171.537756946
2025-04-01,FORD,CABA,Parabrisas,63156.12693102857
2025-04-01,FORD,CORD_TUC_STAFE,Parabrisas,68998.06867214873
2025-04-01,FORD,Rosario,Parabrisas,68998.06867214873
2025-04-01,FORD,TIERRA DEL FUEGO,Parabrisas,123786.00878481599
2025-04-01,PEUGEOT,CABA,Parabrisas,63301.50242898218
2025-04-01,PEUGEOT,CORD_TUC_STAFE,Parabrisas,69156.89140366303
2025-04-01,PEUGEOT,Rosario,Parabrisas,69156.89140366303
2025-04-01,PEUGEOT,TIERRA DEL FUEGO,Parabrisas,124070.94476080505
2025-04-01,RENAULT,CABA,Parabrisas,62237.82570505273
2025-04-01,RENAULT,CORD_TUC_STAFE,Parabrisas,67994.82458277012
2025-04-01,RENAULT,Rosario,Parabrisas,67994.82458277012
2025-04-01,RENAULT,TIERRA DEL FUEGO,Parabrisas,121986.13838190335
2025-04-01,TOYOTA,CABA,Parabrisas,63560.35438128309
2025-04-01,TOYOTA,CORD_TUC_STAFE,Parabrisas,69439.68716155179
2025-04-01,TOYOTA,Rosario,Parabrisas,69439.68716155179
2025-04-01,TOYOTA,TIERRA DEL FUEGO,Parabrisas,124578.29458731484
2025-04-01,VOLKSWAGEN,CABA,Parabrisas,64088.5287097585
2025-04-01,VOLKSWAGEN,CORD_TUC_STAFE,Parabrisas,70016.71761541117
2025-04-01,VOLKSWAGEN,Rosario,Parabrisas,70016.71761541117
2025-04-01,VOLKSWAGEN,TIERRA DEL FUEGO,Parabrisas,125613.51627112665
2023-12-01,CHEVROLET,CABA,Puerta,11308.13492354545
2023-12-01,CHEVROLET,CORD_TUC_STAFE,Puerta,12354.1374039734
2023-12-01,CHEVROLET,Rosario,Puerta,12354.1374039734
2023-12-01,CHEVROLET,TIERRA DEL FUEGO,Puerta,22163.94445014907
2023-12-01,FIAT,CABA,Puerta,11308.13492354545
2023-12-01,FIAT,CORD_TUC_STAFE,Puerta,12354.1374039734
2023-12-01,FIAT,Rosario,Puerta,12354.1374039734
2023-12-01,FIAT,TIERRA DEL FUEGO,Puerta,22163.94445014907
2023-12-01,FORD,CABA,Puerta,11308.13492354545
2023-12-01,FORD,CORD_TUC_STAFE,Puerta,12354.1374039734
2023-12-01,FORD,Rosario,Puerta,12354.1374039734
2023-12-01,FORD,TIERRA DEL FUEGO,Puerta,22163.94445014907
2023-12-01,PEUGEOT,CABA,Puerta,11308.13492354545
2023-12-01,PEUGEOT,CORD_TUC_STAFE,Puerta,12354.137403973398
2023-12-01,PEUGEOT,Rosario,Puerta,12354.137403973398
2023-12-01,PEUGEOT,TIERRA DEL FUEGO,Puerta,22163.94445014907
2023-12-01,RENAULT,CABA,Puerta,11308.13492354545
2023-12-01,RENAULT,CORD_TUC_STAFE,Puerta,12354.1374039734
2023-12-01,RENAULT,Rosario,Puerta,12354.1374039734
2023-12-01,RENAULT,TIERRA DEL FUEGO,Puerta,22163.94445014907
2023-12-01,TOYOTA,CABA,Puerta,11308.13492354545
2023-12-01,TOYOTA,CORD_TUC_STAFE,Puerta,12354.1374039734
2023-12-01,TOYOTA,Rosario,Puerta,12354.1374039734
2023-12-01,TOYOTA,TIERRA DEL FUEGO,Puerta,22163.944450149073
2023-12-01,VOLKSWAGEN,CABA,Puerta,11308.13492354545
2023-12-01,VOLKSWAGEN,CORD_TUC_STAFE,Puerta,12354.1374039734
2023-12-01,VOLKSWAGEN,Rosario,Puerta,12354.1374039734
2023-12-01,VOLKSWAGEN,TIERRA DEL FUEGO,Puerta,22163.94445014907
2024-02-01,CHEVROLET,CABA,Puerta,12325.86706666454
2024-02-01,CHEVROLET,CORD_TUC_STAFE,Puerta,13466.00977033101
2024-02-01,CHEVROLET,Rosario,Puerta,13466.00977033101
2024-02-01,CHEVROLET,TIERRA DEL FUEGO,Puerta,24158.69945066249
2024-02-01,FIAT,CABA,Puerta,12325.86706666454
2024-02-01,FIAT,CORD_TUC_STAFE,Puerta,13466.00977033101
2024-02-01,FIAT,Rosario,Puerta,13466.00977033101
2024-02-01,FIAT,TIERRA DEL FUEGO,Puerta,24158.69945066249
2024-02-01,FORD,CABA,Puerta,12325.86706666454
2024-02-01,FORD,CORD_TUC_STAFE,Puerta,13466.00977033101
2024-02-01,FORD,Rosario,Puerta,13466.00977033101
2024-02-01,FORD,TIERRA DEL FUEGO,Puerta,24158.69945066249
2024-02-01,PEUGEOT,CABA,Puerta,12325.867066664538
2024-02-01,PEUGEOT,CORD_TUC_STAFE,Puerta,13466.00977033101
2024-02-01,PEUGEOT,Rosario,Puerta,13466.00977033101
2024-02-01,PEUGEOT,TIERRA DEL FUEGO,Puerta,24158.699450662487
2024-02-01,RENAULT,CABA,Puerta,12325.86706666454
2024-02-01,RENAULT,CORD_TUC_STAFE,Puerta,13466.00977033101
2024-02-01,RENAULT,Rosario,Puerta,13466.00977033101
2024-02-01,RENAULT,TIERRA DEL FUEGO,Puerta,24158.69945066249
2024-02-01,TOYOTA,CABA,Puerta,12325.867066664538
2024-02-01,TOYOTA,CORD_TUC_STAFE,Puerta,13466.00977033101
2024-02-01,TOYOTA,Rosario,Puerta,13466.00977033101
2024-02-01,TOYOTA,TIERRA DEL FUEGO,Puerta,24158.69945066249
2024-02-01,VOLKSWAGEN,CABA,Puerta,12325.86706666454
2024-02-01,VOLKSWAGEN,CORD_TUC_STAFE,Puerta,13466.00977033101
2024-02-01,VOLKSWAGEN,Rosario,Puerta,13466.00977033101
2024-02-01,VOLKSWAGEN,TIERRA DEL FUEGO,Puerta,24158.69945066249
2024-03-01,CHEVROLET,CABA,Puerta,14544.52313866415
2024-03-01,CHEVROLET,CORD_TUC_STAFE,Puerta,15889.89152899059
2024-03-01,CHEVROLET,Rosario,Puerta,15889.89152899059
2024-03-01,CHEVROLET,TIERRA DEL FUEGO,Puerta,28507.265351781738
2024-03-01,FIAT,CABA,Puerta,14544.52313866415
2024-03-01,FIAT,CORD_TUC_STAFE,Puerta,15889.891528990593
2024-03-01,FIAT,Rosario,Puerta,15889.891528990593
2024-03-01,FIAT,TIERRA DEL FUEGO,Puerta,28507.26535178174
2024-03-01,FORD,CABA,Puerta,14544.52313866415
2024-03-01,FORD,CORD_TUC_STAFE,Puerta,15889.89152899059
2024-03-01,FORD,Rosario,Puerta,15889.89152899059
2024-03-01,FORD,TIERRA DEL FUEGO,Puerta,28507.26535178174
2024-03-01,PEUGEOT,CABA,Puerta,14544.52313866415
2024-03-01,PEUGEOT,CORD_TUC_STAFE,Puerta,15889.891528990589
2024-03-01,PEUGEOT,Rosario,Puerta,15889.891528990589
2024-03-01,PEUGEOT,TIERRA DEL FUEGO,Puerta,28507.26535178174
2024-03-01,RENAULT,CABA,Puerta,14544.52313866415
2024-03-01,RENAULT,CORD_TUC_STAFE,Puerta,15889.891528990593
2024-03-01,RENAULT,Rosario,Puerta,15889.891528990593
2024-03-01,RENAULT,TIERRA DEL FUEGO,Puerta,28507.26535178174
2024-03-01,TOYOTA,CABA,Puerta,14544.52313866415
2024-03-01,TOYOTA,CORD_TUC_STAFE,Puerta,15889.891528990593
2024-03-01,TOYOTA,Rosario,Puerta,15889.891528990593
2024-03-01,TOYOTA,TIERRA DEL FUEGO,Puerta,28507.26535178174
2024-03-01,VOLKSWAGEN,CABA,Puerta,14544.52313866415
2024-03-01,VOLKSWAGEN,CORD_TUC_STAFE,Puerta,15889.89152899059
2024-03-01,VOLKSWAGEN,Rosario,Puerta,15889.89152899059
2024-03-01,VOLKSWAGEN,TIERRA DEL FUEGO,Puerta,28507.265351781745
2024-05-01,CHEVROLET,CABA,Puerta,15853.53022114393
2024-05-01,CHEVROLET,CORD_TUC_STAFE,Puerta,17319.98176659974
2024-05-01,CHEVROLET,Rosario,Puerta,17319.98176659974
2024-05-01,CHEVROLET,TIERRA DEL FUEGO,Puerta,31072.919233442095
2024-05-01,FIAT,CABA,Puerta,15853.53022114393
2024-05-01,FIAT,CORD_TUC_STAFE,Puerta,17319.98176659974
2024-05-01,FIAT,Rosario,Puerta,17319.98176659974
2024-05-01,FIAT,TIERRA DEL FUEGO,Puerta,31072.919233442088
2024-05-01,FORD,CABA,Puerta,15853.530221143928
2024-05-01,FORD,CORD_TUC_STAFE,Puerta,17319.98176659974
2024-05-01,FORD,Rosario,Puerta,17319.98176659974
2024-05-01,FORD,TIERRA DEL FUEGO,Puerta,31072.91923344209
2024-05-01,PEUGEOT,CABA,Puerta,15853.53022114393
2024-05-01,PEUGEOT,CORD_TUC_STAFE,Puerta,17319.98176659974
2024-05-01,PEUGEOT,Rosario,Puerta,17319.98176659974
2024-05-01,PEUGEOT,TIERRA DEL FUEGO,Puerta,31072.919233442095
2024-05-01,RENAULT,CABA,Puerta,15853.530221143928
2024-05-01,RENAULT,CORD_TUC_STAFE,Puerta,17319.98176659974
2024-05-01,RENAULT,Rosario,Puerta,17319.98176659974
2024-05-01,RENAULT,TIERRA DEL FUEGO,Puerta,31072.91923344209
2024-05-01,TOYOTA,CABA,Puerta,15853.530221143928
2024-05-01,TOYOTA,CORD_TUC_STAFE,Puerta,17319.98176659974
2024-05-01,TOYOTA,Rosario,Puerta,17319.98176659974
2024-05-01,TOYOTA,TIERRA DEL FUEGO,Puerta,31072.91923344209
2024-05-01,VOLKSWAGEN,CABA,Puerta,15853.53022114393
2024-05-01,VOLKSWAGEN,CORD_TUC_STAFE,Puerta,17319.98176659974
2024-05-01,VOLKSWAGEN,Rosario,Puerta,17319.98176659974
2024-05-01,VOLKSWAGEN,TIERRA DEL FUEGO,Puerta,31072.919233442095
2024-07-01,CHEVROLET,CABA,Puerta,16963.277336624
2024-07-01,CHEVROLET,CORD_TUC_STAFE,Puerta,18532.38049026172
2024-07-01,CHEVROLET,Rosario,Puerta,18532.38049026172
2024-07-01,CHEVROLET,TIERRA DEL FUEGO,Puerta,33248.02357978305
2024-07-01,FIAT,CABA,Puerta,16963.277336624
2024-07-01,FIAT,CORD_TUC_STAFE,Puerta,18532.38049026172
2024-07-01,FIAT,Rosario,Puerta,18532.38049026172
2024-07-01,FIAT,TIERRA DEL FUEGO,Puerta,33248.02357978305
2024-07-01,FORD,CABA,Puerta,16963.277336624
2024-07-01,FORD,CORD_TUC_STAFE,Puerta,18532.38049026172
2024-07-01,FORD,Rosario,Puerta,18532.38049026172
2024-07-01,FORD,TIERRA DEL FUEGO,Puerta,33248.02357978305
2024-07-01,PEUGEOT,CABA,Puerta,16963.277336624
2024-07-01,PEUGEOT,CORD_TUC_STAFE,Puerta,18532.38049026172
2024-07-01,PEUGEOT,Rosario,Puerta,18532.38049026172
2024-07-01,PEUGEOT,TIERRA DEL FUEGO,Puerta,33248.02357978305
2024-07-01,RENAULT,CABA,Puerta,16963.277336624
2024-07-01,RENAULT,CORD_TUC_STAFE,Puerta,18532.38049026172
2024-07-01,RENAULT,Rosario,Puerta,18532.38049026172
2024-07-01,RENAULT,TIERRA DEL FUEGO,Puerta,33248.02357978305
2024-07-01,TOYOTA,CABA,Puerta,16963.277336624
2024-07-01,TOYOTA,CORD_TUC_STAFE,Puerta,18532.38049026172
2024-07-01,TOYOTA,Rosario,Puerta,18532.38049026172
2024-07-01,TOYOTA,TIERRA DEL FUEGO,Puerta,33248.02357978305
2024-07-01,VOLKSWAGEN,CABA,Puerta,16963.277336624
2024-07-01,VOLKSWAGEN,CORD_TUC_STAFE,Puerta,18532.38049026172
2024-07-01,VOLKSWAGEN,Rosario,Puerta,18532.38049026172
2024-07-01,VOLKSWAGEN,TIERRA DEL FUEGO,Puerta,33248.02357978305
2024-10-01,CHEVROLET,CABA,Puerta,18998.87061701889
2024-10-01,CHEVROLET,CORD_TUC_STAFE,Puerta,20756.26614909313
2024-10-01,CHEVROLET,Rosario,Puerta,20756.26614909313
2024-10-01,CHEVROLET,TIERRA DEL FUEGO,Puerta,37237.78640935702
2024-10-01,FIAT,CABA,Puerta,18998.87061701889
2024-10-01,FIAT,CORD_TUC_STAFE,Puerta,20756.26614909313
2024-10-01,FIAT,Rosario,Puerta,20756.26614909313
2024-10-01,FIAT,TIERRA DEL FUEGO,Puerta,37237.78640935702
2024-10-01,FORD,CABA,Puerta,18998.87061701889
2024-10-01,FORD,CORD_TUC_STAFE,Puerta,20756.26614909313
2024-10-01,FORD,Rosario,Puerta,20756.26614909313
2024-10-01,FORD,TIERRA DEL FUEGO,Puerta,37237.78640935702
2024-10-01,PEUGEOT,CABA,Puerta,18998.87061701889
2024-10-01,PEUGEOT,CORD_TUC_STAFE,Puerta,20756.26614909313
2024-10-01,PEUGEOT,Rosario,Puerta,20756.26614909313
2024-10-01,PEUGEOT,TIERRA DEL FUEGO,Puerta,37237.78640935702
2024-10-01,RENAULT,CABA,Puerta,18998.87061701889
2024-10-01,RENAULT,CORD_TUC_STAFE,Puerta,20756.26614909313
2024-10-01,RENAULT,Rosario,Puerta,20756.26614909313
2024-10-01,RENAULT,TIERRA DEL FUEGO,Puerta,37237.78640935702
2024-10-01,TOYOTA,CABA,Puerta,19868.52206133572
2024-10-01,TOYOTA,CORD_TUC_STAFE,Puerta,21706.360352009266
2024-10-01,TOYOTA,Rosario,Puerta,21706.360352009266
2024-10-01,TOYOTA,TIERRA DEL FUEGO,Puerta,38942.303240218
2024-10-01,VOLKSWAGEN,CABA,Puerta,19219.703455688108
2024-10-01,VOLKSWAGEN,CORD_TUC_STAFE,Puerta,20997.52602533925
2024-10-01,VOLKSWAGEN,Rosario,Puerta,20997.52602533925
2024-10-01,VOLKSWAGEN,TIERRA DEL FUEGO,Puerta,37670.618773148686
2025-01-01,CHEVROLET,CABA,Puerta,18998.87061701889
2025-01-01,CHEVROLET,CORD_TUC_STAFE,Puerta,20756.26614909313
2025-01-01,CHEVROLET,Rosario,Puerta,20756.26614909313
2025-01-01,CHEVROLET,TIERRA DEL FUEGO,Puerta,37237.78640935702
2025-01-01,FIAT,CABA,Puerta,18998.87061701889
2025-01-01,FIAT,CORD_TUC_STAFE,Puerta,20756.26614909313
2025-01-01,FIAT,Rosario,Puerta,20756.26614909313
2025-01-01,FIAT,TIERRA DEL FUEGO,Puerta,37237.78640935702
2025-01-01,FORD,CABA,Puerta,18998.87061701889
2025-01-01,FORD,CORD_TUC_STAFE,Puerta,20756.26614909313
2025-01-01,FORD,Rosario,Puerta,20756.26614909313
2025-01-01,FORD,TIERRA DEL FUEGO,Puerta,37237.78640935702
2025-01-01,PEUGEOT,CABA,Puerta,18998.87061701889
2025-01-01,PEUGEOT,CORD_TUC_STAFE,Puerta,20756.26614909313
2025-01-01,PEUGEOT,Rosario,Puerta,20756.26614909313
2025-01-01,PEUGEOT,TIERRA DEL FUEGO,Puerta,37237.78640935702
2025-01-01,RENAULT,CABA,Puerta,18998.87061701889
2025-01-01,RENAULT,CORD_TUC_STAFE,Puerta,20756.26614909313
2025-01-01,RENAULT,Rosario,Puerta,20756.26614909313
2025-01-01,RENAULT,TIERRA DEL FUEGO,Puerta,37237.78640935702
2025-01-01,TOYOTA,CABA,Puerta,19860.893539894343
2025-01-01,TOYOTA,CORD_TUC_STAFE,Puerta,21698.026192334568
2025-01-01,TOYOTA,Rosario,Puerta,21698.026192334568
2025-01-01,TOYOTA,TIERRA DEL FUEGO,Puerta,38927.35133819291
2025-01-01,VOLKSWAGEN,CABA,Puerta,19219.703455688108
2025-01-01,VOLKSWAGEN,CORD_TUC_STAFE,Puerta,20997.52602533925
2025-01-01,VOLKSWAGEN,Rosario,Puerta,20997.52602533925
2025-01-01,VOLKSWAGEN,TIERRA DEL FUEGO,Puerta,37670.618773148686
2025-04-01,CHEVROLET,CABA,Puerta,20708.76897255059
2025-04-01,CHEVROLET,CORD_TUC_STAFE,Puerta,22624.33010251152
2025-04-01,CHEVROLET,Rosario,Puerta,22624.33010251152
2025-04-01,CHEVROLET,TIERRA DEL FUEGO,Puerta,40589.18718619915
2025-04-01,FIAT,CABA,Puerta,20708.76897255059
2025-04-01,FIAT,CORD_TUC_STAFE,Puerta,22624.33010251152
2025-04-01,FIAT,Rosario,Puerta,22624.33010251152
2025-04-01,FIAT,TIERRA DEL FUEGO,Puerta,40589.18718619915
2025-04-01,FORD,CABA,Puerta,20708.76897255059
2025-04-01,FORD,CORD_TUC_STAFE,Puerta,22624.33010251152
2025-04-01,FORD,Rosario,Puerta,22624.33010251152
2025-04-01,FORD,TIERRA DEL FUEGO,Puerta,40589.18718619915
2025-04-01,PEUGEOT,CABA,Puerta,20708.76897255059
2025-04-01,PEUGEOT,CORD_TUC_STAFE,Puerta,22624.33010251152
2025-04-01,PEUGEOT,Rosario,Puerta,22624.33010251152
2025-04-01,PEUGEOT,TIERRA DEL FUEGO,Puerta,40589.18718619915
2025-04-01,RENAULT,CABA,Puerta,20708.76897255059
2025-04-01,RENAULT,CORD_TUC_STAFE,Puerta,22624.33010251152
2025-04-01,RENAULT,Rosario,Puerta,22624.33010251152
2025-04-01,RENAULT,TIERRA DEL FUEGO,Puerta,40589.18718619915
2025-04-01,TOYOTA,CABA,Puerta,20708.76897255059
2025-04-01,TOYOTA,CORD_TUC_STAFE,Puerta,22624.33010251152
2025-04-01,TOYOTA,Rosario,Puerta,22624.33010251152
2025-04-01,TOYOTA,TIERRA DEL FUEGO,Puerta,40589.18718619915
2025-04-01,VOLKSWAGEN,CABA,Puerta,20708.76897255059
2025-04-01,VOLKSWAGEN,CORD_TUC_STAFE,Puerta,22624.33010251152
2025-04-01,VOLKSWAGEN,Rosario,Puerta,22624.33010251152
2025-04-01,VOLKSWAGEN,TIERRA DEL FUEGO,Puerta,40589.18718619915
